epoch,lr,train_loss,kept,seconds,valid_MSE,valid_MAE,valid_RMSE,valid_R2,valid_IC,valid_RankIC,valid_ICIR,valid_RankICIR,valid_IC_pooled
0,0.0002,1.068441408973831,False,28.702434062957764,,,,,,,,,
1,0.0002,1.0288831904217914,False,28.7411150932312,,,,,,,,,
2,0.0002,1.0203983206729907,False,27.34602379798889,,,,,,,,,
3,0.0002,1.0166485946137946,False,28.61491370201111,,,,,,,,,
4,0.0002,1.0119483590006948,False,28.79223346710205,,,,,,,,,
5,0.0002,1.008692936106519,False,28.669601917266846,,,,,,,,,
6,0.0002,1.0067541313457202,False,28.71277952194214,,,,,,,,,
7,0.0002,1.0038960004424478,False,27.43211603164673,,,,,,,,,
8,0.0002,1.0005562689516332,False,28.59223771095276,,,,,,,,,
9,0.0002,0.9977695458418839,False,28.704156637191772,,,,,,,,,
10,0.0002,0.9954648097673734,False,28.687804698944092,,,,,,,,,
11,0.0002,0.9924010293228881,False,28.64383888244629,,,,,,,,,
12,0.0002,0.9890706193197024,False,27.350165128707886,,,,,,,,,
13,0.0002,0.9845779866843553,False,28.58651089668274,,,,,,,,,
14,0.0002,0.9800803480924783,False,29.025221824645996,,,,,,,,,
15,0.0002,0.975667198399802,False,28.67565131187439,,,,,,,,,
16,0.0002,0.9667354123694795,False,28.652140855789185,,,,,,,,,
17,0.0002,0.9611461487683383,False,27.412235498428345,,,,,,,,,
18,0.0002,0.9523740239314862,False,28.511698484420776,,,,,,,,,
19,0.0002,0.9425398446582295,False,28.683467626571655,,,,,,,,,
20,0.0002,0.963416880422777,True,31.423004150390625,1.0456764698028564,0.7220908403396606,1.022583246231079,-0.056133270263671875,0.03640748647584627,0.04485712644613109,0.23157721881385987,0.28495792176158935,0.03696182576472065
21,0.0002,0.9482369204977533,False,31.352787017822266,1.059738278388977,0.7286631464958191,1.0294358730316162,-0.07033562660217285,0.032193833414450646,0.04301940069519854,0.20859388675232665,0.27548770724500043,0.03337231837288909
22,0.0002,0.9384749713358465,False,29.906156301498413,1.0680850744247437,0.7302727699279785,1.0334819555282593,-0.078765869140625,0.034731195205440865,0.04444872552826518,0.22417598527982943,0.28152421862665417,0.036839570803095266
23,0.0002,0.9284212686322428,False,24.9759259223938,1.0755784511566162,0.7337528467178345,1.0371010303497314,-0.086334228515625,0.03037079963293292,0.039127973344667,0.19722165018678148,0.24757086159078434,0.03424846956334216
24,0.0002,0.9168745144144758,False,28.6694073677063,1.0965174436569214,0.741584837436676,1.047147274017334,-0.1074826717376709,0.026062494788603133,0.03364479048314047,0.1708238323662139,0.21470625723643083,0.030318354765382315
25,0.0002,0.9074584900677859,False,31.67702007293701,1.0971167087554932,0.7430175542831421,1.0474333763122559,-0.10808789730072021,0.022633145832608302,0.03157904853496992,0.14979890467926774,0.20676543901391226,0.02758471172869589
26,0.0002,0.891074290344646,False,31.416250705718994,1.1094763278961182,0.7500873804092407,1.0533168315887451,-0.12057113647460938,0.02191586915418162,0.0308990307227437,0.14552829922733548,0.20400730660774336,0.026183231232793
27,0.0002,0.8794502851429519,False,31.37747812271118,1.121988296508789,0.7540494799613953,1.0592395067214966,-0.1332082748413086,0.015522245929487194,0.02542231704295635,0.10362092687908166,0.17033590576763546,0.019367418184272234
28,0.0002,0.8767380469686145,False,30.187335729599,1.1297783851623535,0.7594694495201111,1.0629103183746338,-0.1410762071609497,0.014230125312224954,0.02617157875153666,0.09462557295599083,0.1755026965696257,0.016447292452454333
29,0.0002,0.854622561555285,False,31.384292364120483,1.1310248374938965,0.7592374086380005,1.063496470451355,-0.14233505725860596,0.011266764039988924,0.02335038426607916,0.07354145941158716,0.15226417048341936,0.013905473705402667
30,0.0002,0.875153329882112,False,31.390164613723755,1.1416213512420654,0.7609168291091919,1.0684667825698853,-0.15303754806518555,0.010136311236959022,0.02247985302583941,0.06548356071615775,0.1419401458380702,0.013739894024409664
31,0.0002,0.861916184752852,False,31.294968128204346,1.1526901721954346,0.7632864117622375,1.073634147644043,-0.1642169952392578,0.01192510639424143,0.023109202856878244,0.07624345932552927,0.14211423487806282,0.01623870280449011
32,0.0002,0.8483290953057391,False,30.65303921699524,1.1510058641433716,0.7654829621315002,1.0728493928909302,-0.16251599788665771,0.013622189022508979,0.022656418116507492,0.08836595595629075,0.1412960064619687,0.018597461700099394
33,0.0002,0.8375720726800608,False,30.592251300811768,1.1710708141326904,0.7668212056159973,1.082160234451294,-0.18278145790100098,0.00890059757974973,0.014751785756664599,0.05978931500349147,0.09572085407721444,0.0167449210321834
34,0.0002,0.8257164864332883,False,31.42776894569397,1.1809396743774414,0.7717282176017761,1.0867104530334473,-0.19274914264678955,0.009946723102968432,0.014279180607128008,0.06649800188118747,0.09336925328243084,0.018666826399827016
35,0.0002,0.8288589061556996,False,31.410609483718872,1.1814815998077393,0.7743183374404907,1.0869598388671875,-0.1932964324951172,0.012220720204526575,0.016700099807537575,0.08425465313194466,0.11370038989888182,0.020633500320231108
36,0.0002,0.804499101418477,False,31.29360270500183,1.1876845359802246,0.7769379615783691,1.0898094177246094,-0.19956135749816895,0.011685890547045065,0.016608686040867935,0.079469572029217,0.11248770706351752,0.020116147653909837
37,0.0002,0.7919042545122343,False,29.979625701904297,1.2039518356323242,0.7817822694778442,1.0972473621368408,-0.21599137783050537,0.009597548786906315,0.015927449550467068,0.06561789297660914,0.10818391399039576,0.017145122403526496
38,0.0002,0.787821694151624,False,31.262455940246582,1.2122633457183838,0.7880803942680359,1.101028323173523,-0.22438597679138184,0.012718351617755462,0.022888989797353276,0.08698113959516793,0.15457988306516923,0.01943848383428655
39,0.0002,0.7819762433563674,False,31.406518936157227,1.2182860374450684,0.7872175574302673,1.103760004043579,-0.23046886920928955,0.007206923113452685,0.018429815223293126,0.049286180959761575,0.12143408708460142,0.01280841958330435
40,0.0002,0.7659331645582106,False,31.301377773284912,1.2427836656570435,0.7923594117164612,1.1148021221160889,-0.2552114725112915,0.0031871277123515715,0.017237852133670097,0.021980332154397132,0.1129549688811949,0.008302598962387237
41,0.0002,0.7554431000610927,False,30.97061824798584,1.2534434795379639,0.7957921028137207,1.1195728778839111,-0.2659778594970703,0.0002669720776643518,0.016740661633294848,0.001868681585637112,0.11147692465864052,0.006032963664246874
42,0.0002,0.7474431007296651,False,30.373271942138672,1.255679726600647,0.7975730895996094,1.1205711364746094,-0.26823651790618896,0.0027014550029650333,0.019828016873765477,0.019035042308895272,0.13307503345388233,0.008570030632692426
43,0.0002,0.7408594817488819,False,31.27274489402771,1.2591723203659058,0.7980073094367981,1.1221284866333008,-0.27176403999328613,0.001521259282811721,0.01711186272080917,0.010682748866396741,0.11309484077616667,0.006187877405440562
44,0.0002,0.7276700001794261,False,31.38800549507141,1.2805086374282837,0.805561900138855,1.1315956115722656,-0.29331374168395996,0.003009019563937041,0.016323168173943293,0.021447402180270116,0.11158650126937063,0.008004672202791795
45,0.0002,0.7216518856845535,False,31.4177668094635,1.287921667098999,0.8085723519325256,1.1348663568496704,-0.30080080032348633,0.004170229529366055,0.014393752463087812,0.02901490967122227,0.09520772163903643,0.008978896353397934
