epoch,lr,train_loss,valid_MSE,valid_MAE,valid_RMSE,valid_R2,valid_IC,valid_RankIC,valid_ICIR,valid_RankICIR,valid_IC_pooled,valid_loss,kept,seconds
0,0.0001,1.2327676034471386,0.846185564994812,0.6935655474662781,0.9198834300041199,-0.0013346672058105469,0.05024474529660586,0.028076870655581294,0.21343396641316995,0.11805751048767534,0.00900579755734596,25.623962533332612,True,155.57378768920898
1,9.972609476841358e-05,0.9022459947979948,0.8510205149650574,0.6940670609474182,0.9225077033042908,-0.007056117057800293,0.04802129971387602,0.041980957573161476,0.21512999614844674,0.18789472121258613,0.0029128569827915163,25.482516248588976,True,148.13611793518066
2,9.890738003669009e-05,0.8664470395262152,0.8896010518074036,0.7160133719444275,0.9431866407394409,-0.05271041393280029,0.02066801641699982,0.020631242820148363,0.08727160002265397,0.08865823340493559,-0.00617015234994766,26.55781899857898,False,149.18574142456055
3,9.755282581475735e-05,0.7900860722567404,1.0029866695404053,0.7710617780685425,1.0014922618865967,-0.18688535690307617,0.04550826611939493,0.041928386456122575,0.22735256416694122,0.2102197009252823,0.007959390078263186,29.851851205934178,False,152.02839469909668
4,9.567727288212972e-05,0.683643713178739,1.2166967391967773,0.8679797053337097,1.1030397415161133,-0.43977952003479004,0.060733618927342706,0.054636967230670366,0.2941691202522094,0.26686923835034077,0.02035880689634618,35.982179682598755,False,152.6143958568573
5,9.330127018922172e-05,0.5872574348602569,1.197977066040039,0.8538373112678528,1.094521403312683,-0.4176274538040161,0.06741659854768108,0.06701065051889639,0.27796260078090645,0.2804410805282914,0.020129735129245204,35.76629224737642,False,159.15345406532288
6,9.045084971874727e-05,0.506883891406756,1.2856030464172363,0.8841913342475891,1.1338443756103516,-0.5213198661804199,0.0630191530132703,0.07218209077279542,0.27535658290873627,0.30909981026201344,0.023647747555743358,38.10242562956019,False,156.96626806259155
7,8.715724127386956e-05,0.45016852073060354,1.6129275560379028,0.990803062915802,1.2700108289718628,-0.9086596965789795,0.06966293071000267,0.07351194532603826,0.2946613605943084,0.29724905826822795,0.01951451311701478,47.13429548570761,False,156.84736967086792
8,8.345653031794287e-05,0.40510497131860757,1.5171655416488647,0.9743460416793823,1.231732726097107,-0.7953394651412964,0.07413771099692613,0.0765454934870227,0.3226839447954206,0.3249641493049538,0.03551434933921563,44.619367827304266,False,147.22275066375732
9,7.938926261462337e-05,0.37558507220171555,1.5615535974502563,0.9759469032287598,1.2496213912963867,-0.8478662967681885,0.08358433071370572,0.08870694522868433,0.362208920236177,0.3758646803170923,0.03666024430355083,45.78433898432924,False,149.5594699382782
10,7.499999999999978e-05,0.34574064858272585,1.547306776046753,0.9831704497337341,1.2439078092575073,-0.8310072422027588,0.07144323196902173,0.07684729064039408,0.3048155180268743,0.31440396556735184,0.03450364808284054,45.493280017564416,False,145.74988842010498
11,7.03368321537897e-05,0.3120020260334489,1.4959408044815063,0.955422043800354,1.2230865955352783,-0.7702232599258423,0.07893409897876344,0.07783640647208862,0.36457434082946377,0.3566239890510671,0.046977802010490025,43.943998206981085,False,143.92489099502563
12,6.545084971874727e-05,0.29426682862651277,1.7110711336135864,1.0235368013381958,1.3080791234970093,-1.0247979164123535,0.07315296836631159,0.07868922681516381,0.30973672614306696,0.3274096499418239,0.033730579218976924,50.23186192682138,False,140.18282437324524
13,6.0395584540887855e-05,0.27305303087409877,1.6429896354675293,1.0024179220199585,1.2817915678024292,-0.9442336559295654,0.08522110491251937,0.09000954068420335,0.3796359767309726,0.3977264390596611,0.047862603555020866,48.1633487209501,False,144.6097810268402
14,5.522642316338261e-05,0.2619350753191333,1.6731133460998535,1.0108108520507812,1.29348886013031,-0.9798805713653564,0.08407523376330744,0.08934948110360402,0.36129717156173974,0.38279283870371195,0.04181988580383634,49.11633903706969,False,145.82183241844177
15,4.999999999999986e-05,0.24480769932492236,1.8049784898757935,1.0498108863830566,1.3434948921203613,-1.1359233856201172,0.08048513416074889,0.08915282618431043,0.33948759175474014,0.3691667162270358,0.0348935320711785,52.76784280990895,False,144.31000900268555
16,4.477357683661729e-05,0.23387498149340955,2.1631481647491455,1.1589771509170532,1.4707645177841187,-1.5597636699676514,0.0852930777797677,0.0941100878132362,0.35550745655060517,0.3929266996581913,0.03906320583269557,63.104182233687915,False,141.81769275665283
17,3.960441545911183e-05,0.22400626512781288,1.7499507665634155,1.0364351272583008,1.3228570222854614,-1.0708062648773193,0.08822564594138313,0.09169960474308297,0.3883297473672426,0.4001800664246884,0.04809064334665545,51.3399265241246,False,144.46668338775635
18,3.4549150281252446e-05,0.21362816299095186,1.7742631435394287,1.0381696224212646,1.3320146799087524,-1.0995762348175049,0.08954726820838516,0.09493175490176987,0.40075044615538663,0.4219349858921175,0.04924247568908158,51.82913498657023,False,144.90219974517822
19,2.96631678462098e-05,0.20483045281090628,1.9942547082901,1.101988673210144,1.412180781364441,-1.3599035739898682,0.09619962844056242,0.10377733211316419,0.414483387809758,0.44774776525554855,0.050181130457442304,58.471205766728744,False,145.33545923233032
20,2.4999999999999832e-05,0.19825932999358145,1.736246943473816,1.029145359992981,1.3176672458648682,-1.0545897483825684,0.09490731960434738,0.09874802858311103,0.4258352241642228,0.43536612659679097,0.05655010257388905,50.91748013868634,False,144.80290389060974
21,2.061073738537618e-05,0.19319702286058463,1.8133952617645264,1.0514113903045654,1.3466236591339111,-1.145883321762085,0.0929083404816334,0.09729161393329308,0.4041810210811601,0.4233654077208512,0.05081970062288511,52.956470655122764,False,144.74182319641113
22,1.654346968205695e-05,0.18748615882831587,1.870800495147705,1.065993070602417,1.367772102355957,-1.2138140201568604,0.09864518015471448,0.1032866683541346,0.44113221761350685,0.4564015374675728,0.055680670216904274,54.76560838868024,False,143.86851453781128
23,1.2842758726130202e-05,0.18314092636300958,1.96534264087677,1.095200777053833,1.4019067287445068,-1.325690507888794,0.09273759503416765,0.09857473860472359,0.4045582371605676,0.4243406429613576,0.05067188369152318,57.33484299310111,False,142.66130995750427
24,9.549150281252558e-06,0.17910786743311,1.9171370267868042,1.0809993743896484,1.384607195854187,-1.268646240234375,0.09307009785953348,0.09883759418991798,0.40316863778561546,0.4253636891116621,0.050698137719070516,56.1652689326422,False,144.5997245311737
25,6.69872981077802e-06,0.17629522544000423,1.8940154314041138,1.0733824968338013,1.376232385635376,-1.2412853240966797,0.09510148864489328,0.10009540684203351,0.41832251829561257,0.4375921319909395,0.05288435928899589,54.99116949318897,False,144.90337371826172
26,4.322727117869915e-06,0.17489683512176127,1.8870012760162354,1.0710561275482178,1.373681664466858,-1.232985019683838,0.09480142347785431,0.10064253587491966,0.41355856461458124,0.4344601767171183,0.052330157243689654,55.02411692910515,False,144.3865029811859
27,2.447174185242306e-06,0.17258666955290092,1.8990330696105957,1.0744293928146362,1.378054141998291,-1.247222900390625,0.09476547996067887,0.1006405887965108,0.4141037927145191,0.4377650358073316,0.05241498750862221,55.55902117396532,False,144.25978803634644
28,1.0926199633097153e-06,0.1715001416342633,1.8977078199386597,1.0742846727371216,1.3775731325149536,-1.245654821395874,0.095100198689262,0.10062695924764889,0.4151020759922554,0.4359629598013313,0.0525435549388674,55.5117455928222,False,143.11980032920837
29,2.739052315863338e-07,0.17141496088674243,1.9019505977630615,1.075466513633728,1.3791122436523438,-1.2506754398345947,0.09517485252443678,0.1009676979691972,0.41540171488407407,0.43725354723691945,0.05254135847061802,55.67746132800701,False,135.89058113098145
