epoch,lr,train_loss,valid_MSE,valid_MAE,valid_RMSE,valid_R2,valid_IC,valid_RankIC,valid_ICIR,valid_RankICIR,valid_IC_pooled,kept,seconds
0,2e-05,1.0677154614702018,1.0156878232955933,0.753206193447113,1.0078133344650269,-0.053305864334106445,0.00876344282512671,0.010046686297838845,0.047912870227426636,0.0522318489831438,0.0050809831358504115,False,12.567265748977661
1,4.545454545454545e-05,0.9770143153468364,1.03007173538208,0.7588201761245728,1.0149245262145996,-0.06822264194488525,0.0026089286766680696,0.0026814621704465596,0.01268545896907665,0.012210784530645469,-0.0021669009515894945,False,12.557387828826904
2,7.09090909090909e-05,0.8727238918455458,1.077585220336914,0.78007572889328,1.0380680561065674,-0.11749577522277832,0.028855005240474334,0.020269382922439273,0.13103122433038453,0.09486667729734075,0.023119146540235124,False,12.510532140731812
3,9.636363636363636e-05,0.7412107822062285,1.1910148859024048,0.8282448649406433,1.0913362503051758,-0.23512649536132812,0.0074527874706630335,0.00015763790738117697,0.03359044862794946,0.0007242164127868277,-0.00017438488828432105,False,12.585663795471191
4,0.00012181818181818181,0.6022083901187553,1.3292232751846313,0.8804367184638977,1.1529194116592407,-0.37845373153686523,0.004985409429202629,-0.0008793824783566867,0.022025963884484256,-0.003937780200431222,-0.004370311318951385,False,12.557883739471436
5,0.00014727272727272725,0.48419966161736644,1.3954594135284424,0.9045088887214661,1.18129563331604,-0.4471430778503418,-0.011378847450198284,-0.013249099213167512,-0.052770422164026644,-0.060859085346575775,-0.01935725412177925,False,12.606201171875
6,0.00017272727272727272,0.3946821758269414,1.4567281007766724,0.9229258894920349,1.2069499492645264,-0.5106810331344604,-0.024983045548632926,-0.016422452693151516,-0.10869290802437781,-0.07185875732343627,-0.03194587559104881,False,12.404418706893921
7,0.0001981818181818182,0.34482820288803573,1.4636470079421997,0.9316227436065674,1.2098127603530884,-0.5178561210632324,-0.008660988538465095,-0.012816833860431125,-0.037457225114805995,-0.05595995005537939,-0.008750541459608022,False,12.172377824783325
8,0.00022363636363636363,0.30989858818424454,1.4622207880020142,0.9293685555458069,1.2092232704162598,-0.5163770914077759,0.0016914452743200556,0.0042833258555886955,0.007661199423329083,0.019502900787937892,0.000509066615537865,False,12.321125745773315
9,0.0002490909090909091,0.30136110578984204,1.4523463249206543,0.9195516705513,1.205133318901062,-0.5061370134353638,-0.02837522227664843,-0.025521870231651145,-0.12401801093710739,-0.11998927319049442,-0.03320542427549573,False,12.542919158935547
10,0.0002745454545454545,0.28665996188878284,1.3793736696243286,0.9035723209381104,1.1744674444198608,-0.4304615259170532,0.026165147936133372,0.025734120706522333,0.11878005140394796,0.11784918852205008,0.02114740885949728,False,12.55265998840332
11,0.0003,0.28578367921127323,1.4880011081695557,0.9417566061019897,1.2198364734649658,-0.5431122779846191,-0.012552996205122308,-0.014582679944358048,-0.05655916500634889,-0.06690439361180985,-0.01451913776824387,False,12.587905883789062
12,0.00029694066410273275,0.2530146339138147,1.3904935121536255,0.9013456106185913,1.1791919469833374,-0.44199323654174805,-0.003975495732402156,0.004202903388734507,-0.019320554290408687,0.02048532368526992,-0.006822199330143803,False,12.658908128738403
13,0.00028789636406996406,0.23631058252452591,1.458839774131775,0.9220334887504578,1.2078243494033813,-0.5128707885742188,-0.006352508546406592,-0.005813106992176566,-0.030440322189226213,-0.027577128564873238,-0.011158520012820122,False,12.550704002380371
14,0.0002732623792124926,0.212551295264129,1.470482349395752,0.9303736090660095,1.2126344442367554,-0.5249446630477905,-0.009551719837103054,-0.007975257417544457,-0.04308340145061669,-0.03714753840465205,-0.012495651601061515,False,12.585662364959717
15,0.00025367828489024016,0.19603776517883703,1.4000682830810547,0.9069007635116577,1.1832448244094849,-0.4519226551055908,0.002483703251250028,0.001028727733416059,0.01146928277548848,0.004909309455564578,0.0003639187861396548,False,12.546716928482056
16,0.00022999999999999998,0.17439533168423443,1.3991422653198242,0.9071928858757019,1.1828534603118896,-0.4509623050689697,0.011104354754655115,0.0061353025163781326,0.04980890646294367,0.02845940638311366,0.008368301682714002,False,12.607745170593262
17,0.00020326237921249263,0.16112008718147783,1.397448182106018,0.8987720012664795,1.182137131690979,-0.44920551776885986,-0.00048070205328233135,0.006177547970476034,-0.0023770987937954077,0.03153691237439739,-0.006118172561049428,False,12.480270147323608
18,0.00017463398485747147,0.14108876438997306,1.4587454795837402,0.9224134087562561,1.2077853679656982,-0.5127731561660767,-0.009265588275656987,-0.006296287092806099,-0.040578397085266185,-0.028832933996122034,-0.012348339945731226,False,12.382479190826416
19,0.00014536601514252852,0.11977336799835904,1.4026105403900146,0.9053822159767151,1.1843185424804688,-0.4545590877532959,0.0048731973051566015,0.00758389222216154,0.022067419310194646,0.0352531640790892,0.0016393078587761528,False,12.38087511062622
20,0.00011673762078750737,0.10297290790757797,1.4027915000915527,0.9069342613220215,1.1843949556350708,-0.45474672317504883,0.0032554181514764437,0.001767213750266714,0.014690795158173502,0.008271037907497154,-0.0024357370582612867,False,12.613289594650269
21,9.000000000000002e-05,0.08779307905121758,1.4248517751693726,0.9152732491493225,1.1936715841293335,-0.4776240587234497,0.0196279032392032,0.017075539715354457,0.08963878275961908,0.079349406639834,0.016446772884743784,False,12.570378541946411
22,6.632171510975989e-05,0.07595673339088616,1.4353828430175781,0.9157537817955017,1.1980746984481812,-0.48854517936706543,0.0062639644245034,0.007717485867130902,0.028331413167863116,0.03545920587292619,0.0020795284086851905,False,12.55652904510498
23,4.6737620787507374e-05,0.06557357534500646,1.4738637208938599,0.9292773604393005,1.2140278816223145,-0.5284512042999268,0.0019015533761684116,0.003636298316891788,0.008526873028146958,0.017159434132434162,-0.0028683003033056543,False,12.538922786712646
24,3.2103635930035865e-05,0.05792737407268399,1.4756437540054321,0.9282594919204712,1.2147607803344727,-0.5302972793579102,0.002209614856921991,0.005542210957962428,0.009910286582548281,0.02560220362700142,-0.002735068930353783,False,12.599928379058838
25,2.3059335897267206e-05,0.053546366190761634,1.4568874835968018,0.9210985898971558,1.2070159912109375,-0.5108462572097778,0.0011180199518076575,0.002678390402107043,0.004899046869110044,0.012175227444725358,-0.00404792996414187,False,12.628467559814453
26,0.0003,0.3277032573777583,1.4062671661376953,0.9075025916099548,1.185861349105835,-0.45835113525390625,0.013995324621504143,0.011613991715921066,0.06322740820351232,0.054765689413530536,0.010051392769768892,False,12.620086431503296
27,0.00029694066410273275,0.20445501578254757,1.3447418212890625,0.8888956904411316,1.1596300601959229,-0.3945469856262207,0.023097812762083197,0.016189295792537875,0.10631995555605699,0.07870665032366776,0.022322768318498606,False,12.59266996383667
28,0.00028789636406996406,0.18335065814664553,1.3833463191986084,0.8958929777145386,1.1761574745178223,-0.4345813989639282,-0.007491934186485899,-0.007177141876649109,-0.03428620974523077,-0.03399759968101549,-0.010803474989618967,False,12.370681762695312
29,0.0002732623792124926,0.17120676907632962,1.359253168106079,0.8878337144851685,1.165870189666748,-0.40959596633911133,0.003735723148692044,0.006005837064081206,0.017623213012690375,0.0281726004471204,0.0027313197487281067,False,12.184515237808228
30,0.00025367828489024016,0.15617690953879396,1.4158618450164795,0.9058427810668945,1.1898999214172363,-0.4683011770248413,0.011728280118945316,0.017168770073136934,0.05371550707459042,0.07930420062554228,0.007044215335221578,False,12.280300378799438
31,0.00022999999999999998,0.14177915747533504,1.4304596185684204,0.909583568572998,1.1960182189941406,-0.48343968391418457,-0.023062643100620776,-0.019722555318052233,-0.0959481358850409,-0.08448506568092456,-0.029226209735067513,False,12.58916711807251
32,0.00020326237921249263,0.12877490420782153,1.3978240489959717,0.9033653140068054,1.1822960376739502,-0.4495953321456909,-0.003828261749446494,-0.005186403898292195,-0.01760081676775829,-0.024786657416281364,-0.002810395329255877,False,12.591386795043945
33,0.00017463398485747147,0.11128931354291266,1.4241983890533447,0.9114857912063599,1.193397879600525,-0.47694647312164307,0.001906873265917862,0.0079648287294732,0.00866058791324089,0.03666459109793936,-0.002166969250263733,False,12.506164312362671
34,0.00014536601514252852,0.09868607164005884,1.4174071550369263,0.9080644249916077,1.1905491352081299,-0.46990370750427246,0.008553496368266966,0.00585059411488309,0.037378287662918716,0.026932397923371272,0.003907359182101215,False,12.583506107330322
35,0.00011673762078750737,0.08319654096631132,1.4694803953170776,0.9263775944709778,1.2122212648391724,-0.5239055156707764,-0.002734670526962284,-0.001008658569470832,-0.011999692846588784,-0.004725923351312856,-0.0039376766572960294,False,12.609522819519043
36,9.000000000000002e-05,0.07265577521725214,1.4696451425552368,0.9268093109130859,1.2122892141342163,-0.5240764617919922,-0.003201950239135893,-0.0008989638217352799,-0.01441433761056029,-0.004166752378962433,-0.005686133441281943,False,12.610406875610352
37,6.632171510975989e-05,0.06140001543632532,1.4564051628112793,0.924078106880188,1.2068160772323608,-0.5103460550308228,-0.0057300914538296315,-0.004050549386639777,-0.025976938714869686,-0.018595597616036515,-0.00872650749500811,False,12.590116739273071
38,4.6737620787507374e-05,0.05387241180318497,1.469152808189392,0.9267362952232361,1.2120860815048218,-0.5235657691955566,-6.27592211558304e-05,0.0027717381816590577,-0.0002784125439471754,0.012544571311719637,-0.0022726559787437355,False,12.564553022384644
39,3.2103635930035865e-05,0.04793018703548097,1.4658986330032349,0.9263087511062622,1.2107429504394531,-0.5201911926269531,0.0014197142823261322,0.006716127141493708,0.0065209268969386655,0.03119176182080034,-0.0011558198668665635,False,12.462396383285522
40,2.3059335897267206e-05,0.0439235156917918,1.4855287075042725,0.9344149827957153,1.218822717666626,-0.5405483245849609,0.00224992852820079,0.00417485994896161,0.010095427916990309,0.019161721679910364,-0.0003000609825621178,False,12.177862882614136
41,0.0003,0.2948576100379259,1.3977735042572021,0.9056089520454407,1.1822746992111206,-0.4495428800582886,0.018809836824688436,0.011594465367548464,0.08571279525229472,0.05311968818651648,0.018538854898234983,False,12.4072105884552
42,0.00029694066410273275,0.17729017617988974,1.437342882156372,0.9175976514816284,1.19889235496521,-0.4905778169631958,0.008587980401316146,0.012608758026722247,0.03735742922622345,0.05726372663477557,0.006364165558257591,False,12.630562782287598
43,0.00028789636406996406,0.1573877853328123,1.3821463584899902,0.8953828811645508,1.175647258758545,-0.4333369731903076,0.0034450566045652322,-0.0005384920708190012,0.01458764217692512,-0.0023652333114750363,-0.0002268357261463441,False,12.616339445114136
44,0.0002732623792124926,0.15493488123606275,1.3944398164749146,0.9029856324195862,1.1808639764785767,-0.44608569145202637,0.0014920851379378404,-0.0018536658992740203,0.006441115017133711,-0.008340663057357464,0.0012624059311073447,False,12.741075277328491
45,0.00025367828489024016,0.14035224377001254,1.4521185159683228,0.9159144759178162,1.2050387859344482,-0.5059007406234741,-0.0025333197412801003,0.00026089898262232007,-0.010936612340852813,0.0011649176646249502,-0.005165201141152319,False,12.55806279182434
46,0.00022999999999999998,0.12626559862415562,1.4587554931640625,0.9245809316635132,1.2077895402908325,-0.512783408164978,-0.011570232491230006,-0.01075223729210698,-0.050979634893585854,-0.05026739851008853,-0.013061004931994585,False,12.628842115402222
47,0.00020326237921249263,0.11079824683797032,1.4083606004714966,0.906781017780304,1.1867437362670898,-0.4605221748352051,0.009479062370019454,0.008948861352872614,0.04226908037726311,0.041193170706554726,0.005804768534448223,False,12.577545881271362
48,0.00017463398485747147,0.09680061998668975,1.4567734003067017,0.9260876774787903,1.2069686651229858,-0.5107280015945435,0.0009257419498425743,-0.004829245596471476,0.0040369621553716034,-0.02171267277258498,-0.0033700471426286478,False,12.618588924407959
49,0.00014536601514252852,0.08663179421353547,1.4354913234710693,0.9168692827224731,1.198119878768921,-0.48865771293640137,0.0050401512225417165,0.0026435952106159165,0.02266379701214761,0.012109922942013681,0.0011414828166588448,False,12.510486364364624
50,0.00011673762078750737,0.07345346317393231,1.474137783050537,0.9317741990089417,1.214140772819519,-0.5287355184555054,-0.004575419509649022,-0.0008500430143869375,-0.01974646815707911,-0.0038117543476595944,-0.007775599700006737,False,12.296109676361084
51,9.000000000000002e-05,0.06284887343455417,1.4541409015655518,0.9250553250312805,1.205877661705017,-0.507997989654541,0.007409034341735186,0.008300585353227273,0.03247819021557567,0.03740841416927055,0.005252409396560194,False,12.25701093673706
52,6.632171510975989e-05,0.05337760313897718,1.4602546691894531,0.9249018430709839,1.2084100246429443,-0.5143381357192993,0.0005102900704341908,0.0023004361847738064,0.002310036026110005,0.010574632606033234,-0.002426676802044262,False,12.425827026367188
53,4.6737620787507374e-05,0.046717988429572095,1.4733604192733765,0.9299768805503845,1.2138205766677856,-0.5279293060302734,0.0011827471760558154,0.002113541454567002,0.005281417779372237,0.009704557890484107,-0.0017534588338576967,False,12.58908748626709
54,3.2103635930035865e-05,0.04154940308194964,1.4780727624893188,0.9311189651489258,1.2157601118087769,-0.5328161716461182,0.000561881013241819,0.0019333256448542968,0.002480915006913318,0.008848330703652074,-0.0025361600697138254,False,12.53480315208435
55,2.3059335897267206e-05,0.03852748672066298,1.494288682937622,0.9370515942573547,1.222411036491394,-0.5496327877044678,0.0011206313464114108,0.0024003163305606912,0.004945460350520884,0.010871781488284897,-0.0016761413938664275,False,12.617144107818604
56,0.0003,0.2828978770099535,1.3561619520187378,0.8804472088813782,1.164543628692627,-0.4063901901245117,0.0055529273515878145,0.012355692488126813,0.024742293024797305,0.0571758533837273,0.0035477551928968895,False,12.619088172912598
57,0.00029694066410273275,0.1609475917226489,1.413427472114563,0.9027354121208191,1.1888765096664429,-0.4657766819000244,0.006925175438336412,0.01403473177957538,0.03057257982209888,0.0639982398978757,0.008011776452551357,False,12.629659652709961
58,0.00028789636406996406,0.14194019514376907,1.4424351453781128,0.9203516244888306,1.2010141611099243,-0.49585866928100586,-0.0023448985523126975,-0.0023487954485204585,-0.010768554330356951,-0.010678861634420231,-0.0008273766468083865,False,12.569433212280273
59,0.0002732623792124926,0.13640809535236684,1.442523717880249,0.9185340404510498,1.201051115989685,-0.49595046043395996,-0.004712259337073587,-0.005822951618425792,-0.020620147005389913,-0.026311927187611727,-0.008755946383438533,False,12.649653434753418
60,0.00025367828489024016,0.12739435949053637,1.4382575750350952,0.919904351234436,1.1992738246917725,-0.49152636528015137,-0.010131851722649389,-0.01218149773972843,-0.04567657745937969,-0.05742697420751516,-0.009813683017459255,False,12.598589658737183
61,0.00022999999999999998,0.11260289613483758,1.4358564615249634,0.9173876047134399,1.1982722282409668,-0.48903632164001465,-0.018228856915998914,-0.02206842198524875,-0.08183086516438186,-0.10256528271340498,-0.01839418579012201,False,12.336973905563354
62,0.00020326237921249263,0.09897018819212793,1.4671038389205933,0.929002046585083,1.2112406492233276,-0.5214409828186035,-0.010176649217355414,-0.01087723447450525,-0.04706533333783773,-0.05129130791311419,-0.010085528128482442,False,12.21464490890503
63,0.00017463398485747147,0.08968397797333824,1.4424681663513184,0.9191617965698242,1.2010279893875122,-0.4958930015563965,0.00935105693935576,0.008157221102314031,0.041888099355401456,0.03776709782900431,0.007939276765356752,False,12.426069021224976
64,0.00014536601514252852,0.07827187612152027,1.4319730997085571,0.9160730838775635,1.196650743484497,-0.4850090742111206,-0.001387754740281703,0.0018453693824382923,-0.0061896822992779195,0.008365210738884903,-0.0032359222772134605,False,12.539829015731812
65,0.00011673762078750737,0.06485943825319865,1.4663892984390259,0.9293303489685059,1.2109456062316895,-0.5206999778747559,-0.0032573351126301622,-0.002334683209826859,-0.01506446786619426,-0.010720657091486178,-0.004617510263493734,False,12.490025997161865
66,9.000000000000002e-05,0.05579715997147584,1.455655813217163,0.9222431778907776,1.2065056562423706,-0.5095690488815308,-0.002240797143555181,-0.0008870051577389884,-0.009946035657443205,-0.004061804131991317,-0.0030059064358841604,False,12.564819097518921
67,6.632171510975989e-05,0.04731830724092037,1.4590445756912231,0.925621509552002,1.2079092264175415,-0.5130832195281982,-0.0008422120864299902,0.0029986255029853474,-0.0037961717839606435,0.014077937817422413,-0.0012899237578672727,False,12.52323293685913
68,4.6737620787507374e-05,0.0411836000371823,1.4804500341415405,0.9317339658737183,1.2167375087738037,-0.5352815389633179,0.0024850741623650813,0.006628136395722593,0.011113571533813971,0.030211475378305114,0.001050356405154694,False,12.576471328735352
69,3.2103635930035865e-05,0.036873003640525086,1.4823795557022095,0.9323806166648865,1.2175301313400269,-0.5372824668884277,0.0034055153571351682,0.004199828350421663,0.01523751599545343,0.01930289740737482,0.001228852539819397,True,12.563767671585083
