model,universe,pred_len,MSE,MAE
MATCC,dji,1,1.0,0.759
MATCC,dji,5,1.13,0.818
MATCC,dji,20,1.404,0.971
HIST,dji,1,0.993,0.734
HIST,dji,5,0.997,0.747
HIST,dji,20,1.016,0.766
FinFormer,dji,1,1.338,0.871
FinFormer,dji,5,1.657,0.982
FinFormer,dji,20,2.19,1.111
MASTER,dji,1,1.254,0.855
MASTER,dji,5,1.249,0.859
MASTER,dji,20,1.281,0.878
FactorVAE,dji,1,0.939,0.735
FactorVAE,dji,5,0.971,0.758
FactorVAE,dji,20,0.996,0.784
DiscoverPLF,dji,1,1.017,0.746
DiscoverPLF,dji,5,1.211,0.83
DiscoverPLF,dji,20,1.357,0.895
MATCC,sx5e,1,1.041,0.749
MATCC,sx5e,5,1.495,0.941
MATCC,sx5e,20,1.59,0.984
HIST,sx5e,1,0.983,0.73
HIST,sx5e,5,1.113,0.796
HIST,sx5e,20,1.09,0.8
FinFormer,sx5e,1,1.32,0.864
FinFormer,sx5e,5,1.43,0.922
FinFormer,sx5e,20,1.757,1.035
MASTER,sx5e,1,1.0,0.734
MASTER,sx5e,5,1.097,0.792
MASTER,sx5e,20,1.09,0.8
FactorVAE,sx5e,1,0.937,0.74
FactorVAE,sx5e,5,0.96,0.764
FactorVAE,sx5e,20,0.957,0.764
DiscoverPLF,sx5e,1,0.987,0.735
DiscoverPLF,sx5e,5,1.149,0.811
DiscoverPLF,sx5e,20,1.274,0.872
MATCC,nasdaq100,1,1.037,0.712
MATCC,nasdaq100,5,1.713,0.981
MATCC,nasdaq100,20,1.623,0.965
HIST,nasdaq100,1,0.996,0.693
HIST,nasdaq100,5,1.03,0.721
HIST,nasdaq100,20,1.031,0.746
FinFormer,nasdaq100,1,1.414,0.878
FinFormer,nasdaq100,5,1.458,0.867
FinFormer,nasdaq100,20,1.895,0.974
MASTER,nasdaq100,1,1.009,0.704
MASTER,nasdaq100,5,1.017,0.72
MASTER,nasdaq100,20,1.038,0.748
FactorVAE,nasdaq100,1,0.88,0.696
FactorVAE,nasdaq100,5,0.918,0.725
FactorVAE,nasdaq100,20,0.957,0.749
DiscoverPLF,nasdaq100,1,0.937,0.674
DiscoverPLF,nasdaq100,5,1.104,0.737
DiscoverPLF,nasdaq100,20,1.143,0.771
MATCC,sp500,1,1.002,0.684
MATCC,sp500,5,1.271,0.824
MATCC,sp500,20,1.744,1.01
HIST,sp500,1,0.999,0.683
HIST,sp500,5,1.005,0.711
HIST,sp500,20,1.006,0.734
FinFormer,sp500,1,1.495,0.878
FinFormer,sp500,5,1.677,0.95
FinFormer,sp500,20,1.783,0.985
MASTER,sp500,1,1.007,0.687
MASTER,sp500,5,1.037,0.727
MASTER,sp500,20,1.034,0.746
FactorVAE,sp500,1,0.86,0.694
FactorVAE,sp500,5,0.889,0.715
FactorVAE,sp500,20,0.891,0.717
DiscoverPLF,sp500,1,1.0,0.683
DiscoverPLF,sp500,5,1.088,0.744
DiscoverPLF,sp500,20,1.127,0.776
MATCC,sxxp,1,0.999,0.673
MATCC,sxxp,5,1.047,0.752
MATCC,sxxp,20,1.79,1.011
HIST,sxxp,1,0.998,0.672
HIST,sxxp,5,1.008,0.693
HIST,sxxp,20,1.027,0.717
FinFormer,sxxp,1,1.801,0.899
FinFormer,sxxp,5,1.544,0.889
FinFormer,sxxp,20,1.701,0.91
MASTER,sxxp,1,1.005,0.676
MASTER,sxxp,5,1.051,0.717
MASTER,sxxp,20,1.144,0.776
FactorVAE,sxxp,1,0.618,0.675
FactorVAE,sxxp,5,0.836,0.691
FactorVAE,sxxp,20,0.837,0.695
DiscoverPLF,sxxp,1,0.999,0.674
DiscoverPLF,sxxp,5,1.006,0.717
DiscoverPLF,sxxp,20,1.126,0.752
