model,universe,seq_len,pred_len,seed,test_year,clean,MSE,MAE,RMSE,R2,IC,RankIC,ICIR,RankICIR,IC_pooled,kept_epoch,epochs_run,minutes,valid_IC
DiscoverPLF,dji,20,5,0,2020,True,1.2641403675079346,0.8572311997413635,1.1243399381637573,-0.3122274875640869,0.0013275391922348274,0.014714504219751595,0.005687439736312551,0.06158927022905164,0.009610654755815346,29,50,24.3,0.03387170017410062
DiscoverPLF,dji,20,5,5,2020,True,1.125680685043335,0.8090199828147888,1.060981035232544,-0.1685009002685547,0.015860766880841426,0.03670550672049923,0.06323079739207878,0.14715256597384085,0.01912092642256927,21,47,22.9,0.004741329650542317
DiscoverPLF,dji,20,5,42,2020,True,1.1764096021652222,0.8276087045669556,1.084624171257019,-0.22115957736968994,-0.0072869711600246755,0.008661753039564133,-0.029625789779667663,0.034729300233457404,-0.010717040622876003,23,49,17.0,0.01590996219206928
DiscoverPLF,dji,20,5,0,2021,True,1.3190943002700806,0.8963497281074524,1.1485183238983154,-0.3662048578262329,0.007959307330452647,-0.004724763468605829,0.03651817917522919,-0.02245815652078887,0.011989920043281099,39,50,24.5,0.019710690817263222
DiscoverPLF,dji,20,5,5,2021,True,1.1802027225494385,0.8350679874420166,1.0863713026046753,-0.22235286235809326,0.02959169645852653,0.023705919149268898,0.12664089088331043,0.10637274164383947,0.03398759719715487,29,50,24.3,0.01781976538526302
DiscoverPLF,dji,20,5,42,2021,True,1.0727170705795288,0.7928523421287537,1.0357205867767334,-0.11102831363677979,0.014541460401080477,0.01924896395339745,0.07000121641969367,0.09316403277079935,0.020187770748435016,21,47,23.1,0.004149092755413336
DiscoverPLF,dji,20,5,0,2022,True,1.3646745681762695,0.903779149055481,1.1681928634643555,-0.4134129285812378,0.0004300449166645643,-0.006040861185798676,0.0018003605944267272,-0.025387083849346112,-0.000999458843813851,34,50,24.5,0.031103784494847516
DiscoverPLF,dji,20,5,5,2022,True,1.5298370122909546,0.9531784653663635,1.236865758895874,-0.5844740867614746,0.004648224059740052,0.010244735344336934,0.0223790623244913,0.048303296707085615,3.080080742812189e-05,49,50,24.5,0.04879212172927671
DiscoverPLF,dji,20,5,42,2022,True,1.1816524267196655,0.8396504521369934,1.0870383977890015,-0.22385430335998535,0.020778031909130676,0.01761623456911271,0.08920883980338813,0.07522853970432677,0.02196221422191303,24,50,24.6,0.010711184588487311
DiscoverPLF,dji,20,5,0,2023,True,1.0422797203063965,0.7737604975700378,1.020920991897583,-0.07950401306152344,0.06485435393644366,0.058526108374384225,0.30116576007471335,0.2808455012986509,0.0648510445464328,23,49,23.8,0.025091938702353746
DiscoverPLF,dji,20,5,5,2023,True,1.3397754430770874,0.8887727856636047,1.1574866771697998,-0.3876246213912964,0.022598581471949472,0.0224591133004926,0.10206154013198895,0.10818486397872479,0.017225306436246184,46,50,24.5,0.026308341900510054
DiscoverPLF,dji,20,5,42,2023,True,1.0872074365615845,0.7944473624229431,1.0426924228668213,-0.12603628635406494,0.040008053323105995,0.03311921182266009,0.17859870189070842,0.15001872139286163,0.03865270776942855,25,50,24.5,0.04020981950602569
DiscoverPLF,dji,20,5,0,2024,True,1.0411618947982788,0.7456846237182617,1.0203734636306763,-0.07834625244140625,0.013740375209622213,0.021770662287903662,0.06580542765679387,0.11133699654367733,0.008735195923629983,21,47,23.0,0.057631228785808564
DiscoverPLF,dji,20,5,5,2024,True,1.0386521816253662,0.7458592057228088,1.0191428661346436,-0.07574689388275146,-0.009946634956182412,-0.001272577996715929,-0.04426139363220625,-0.006265940732308269,-0.012675384756770141,20,46,22.3,0.0431435743569047
DiscoverPLF,dji,20,5,42,2024,True,1.0414682626724243,0.7469955682754517,1.0205235481262207,-0.07866346836090088,0.011866924272528188,0.008137852842286339,0.05534378579286801,0.0444918757387108,0.016006714093244185,20,46,22.6,0.058836348077057156
DiscoverPLF,nasdaq100,20,5,0,2020,True,1.0728890895843506,0.7479204535484314,1.0358035564422607,-0.08383691310882568,0.02865983283497968,0.033011508261568415,0.1619578631997834,0.19914108884486856,0.03577836108997297,20,46,23.6,0.015370713020451402
DiscoverPLF,nasdaq100,20,5,5,2020,True,1.1534368991851807,0.7743790149688721,1.073981761932373,-0.1652066707611084,0.017894219460133184,0.02270165753758119,0.09223694184800683,0.12185395640074466,0.03198727852089456,27,50,25.7,0.019830992671492777
DiscoverPLF,nasdaq100,20,5,42,2020,True,1.0825355052947998,0.7477918267250061,1.040449619293213,-0.09358179569244385,0.012474012899648572,0.016842714510940958,0.06742437850042184,0.09432498473350112,0.018357963824757136,20,46,23.8,0.0013430676172031723
DiscoverPLF,nasdaq100,20,5,0,2021,True,1.0557142496109009,0.7361334562301636,1.0274795293807983,-0.0663609504699707,-0.010839739322083928,-0.011154571077622964,-0.061797963874632975,-0.06892673262112436,-0.013925797865426543,22,48,24.5,0.03778194114217856
DiscoverPLF,nasdaq100,20,5,5,2021,True,1.0389145612716675,0.7292934060096741,1.0192716121673584,-0.049391865730285645,-0.00619064159194458,0.008394671805734435,-0.03763539803649911,0.05295140601528593,-0.015814812797666587,20,46,23.6,0.04812573019802121
DiscoverPLF,nasdaq100,20,5,42,2021,True,1.0415557622909546,0.7318148016929626,1.0205663442611694,-0.05205965042114258,-0.019416545447025663,-0.015633113874260862,-0.12721581628884382,-0.10507865954507041,-0.023632942017213263,20,46,23.6,0.03640748647584627
DiscoverPLF,nasdaq100,20,5,0,2022,True,1.1082751750946045,0.7590606808662415,1.0527465343475342,-0.11945772171020508,-0.012048839653875279,-0.014846515829308661,-0.0533737425114691,-0.06467169790610952,-0.011463049836155596,20,46,23.5,-0.012701078191025067
DiscoverPLF,nasdaq100,20,5,5,2022,True,1.3572942018508911,0.8427096605300903,1.1650296449661255,-0.3709893226623535,-0.04589383184941549,-0.019589053177561398,-0.24771348929126327,-0.11147288042893305,-0.046322373629873896,46,50,25.4,0.002219139332488195
DiscoverPLF,nasdaq100,20,5,42,2022,True,1.0621697902679443,0.7399370670318604,1.0306161642074585,-0.07288718223571777,-0.007491610811470029,-0.017347088307214018,-0.03466961756681207,-0.08449150594247942,-0.007835199541933496,20,46,23.7,-0.01140244751745986
DiscoverPLF,nasdaq100,20,5,0,2023,True,1.2052414417266846,0.7765527963638306,1.0978349447250366,-0.21745264530181885,0.005685481397601871,0.005427952697249843,0.03341623552812487,0.03500188088833787,-0.0013718745835668582,32,50,26.0,0.008093277184003468
DiscoverPLF,nasdaq100,20,5,5,2023,True,1.1803398132324219,0.7661115527153015,1.0864344835281372,-0.19229865074157715,-0.0034884070023204873,0.016941169517301957,-0.021391339064580555,0.11643645382680806,-0.009146349423265742,31,50,25.6,0.019017620970502424
DiscoverPLF,nasdaq100,20,5,42,2023,True,1.2106560468673706,0.7814208269119263,1.1002981662750244,-0.22292208671569824,0.0015331792803209953,0.006092405833306195,0.009315432307376964,0.04383306744097181,-0.0001346689303586642,36,50,25.8,0.028053106348926146
DiscoverPLF,nasdaq100,20,5,0,2024,True,1.2649866342544556,0.7952737808227539,1.1247162818908691,-0.2777402400970459,0.015362132059092029,0.011208399968566853,0.09217985915251417,0.06982198611017071,0.017502952287331803,44,50,25.8,0.02495009061855685
DiscoverPLF,nasdaq100,20,5,5,2024,True,1.2619285583496094,0.7904350161552429,1.1233559846878052,-0.27465128898620605,0.0010345114026747003,0.015249223176628343,0.006893032441126671,0.09639320102274926,0.0025808207370224437,48,50,26.1,0.03139984334068713
DiscoverPLF,nasdaq100,20,5,42,2024,True,1.2167130708694458,0.7780603170394897,1.1030471324920654,-0.2289799451828003,0.013204332506751808,0.01160386401090567,0.08715011631970199,0.0767690075720788,0.014632115130767322,41,50,25.7,0.04317323640307545
DiscoverPLF,sx5e,20,5,0,2021,True,1.082051157951355,0.787408173084259,1.0402169227600098,-0.11011111736297607,0.011566121560387242,-3.0963540640171435e-07,0.059623073881928494,-1.73111377015679e-06,0.004984716437461305,20,46,23.1,0.013299377195058684
DiscoverPLF,sx5e,20,5,5,2021,True,1.2388266324996948,0.8507335782051086,1.1130259037017822,-0.2709522247314453,0.013826779406361704,-0.005111085066028471,0.06699851516752435,-0.026164220697060325,0.015225086006574047,37,50,25.3,0.008044092007676256
DiscoverPLF,sx5e,20,5,42,2021,True,1.3150076866149902,0.8843066692352295,1.146737813949585,-0.34910881519317627,0.02363262792250036,0.017536353168892276,0.12862707568685966,0.10129186246842971,0.027263440759607398,48,50,25.0,0.005955676220508899
DiscoverPLF,sx5e,20,5,0,2022,True,1.3571218252182007,0.9027794599533081,1.164955735206604,-0.3903326988220215,-0.012236854294588683,-0.020320971390118767,-0.06404292125439437,-0.11078494883745506,-0.01159832902814523,49,50,25.3,0.020709616948695178
DiscoverPLF,sx5e,20,5,5,2022,True,1.3225390911102295,0.8880805969238281,1.1500170230865479,-0.3549036979675293,0.0007336974023950056,0.0004196662314660887,0.003483607816639532,0.002189598192015926,0.005770518620638827,40,50,25.3,0.027001741564263052
DiscoverPLF,sx5e,20,5,42,2022,True,1.3547347784042358,0.9007194638252258,1.1639307737350464,-0.38788723945617676,0.02071504114822651,0.013511035468434757,0.09816091081973613,0.06829830787302435,0.021594171107078154,49,50,25.3,0.03714167496111632
DiscoverPLF,sx5e,20,5,0,2023,True,1.1403719186782837,0.7924572825431824,1.0678819417953491,-0.16756165027618408,0.003184653750676394,-0.004677254586173321,0.017159448775973373,-0.02609838576660462,0.008559752685907945,34,50,25.6,0.01938439624875774
DiscoverPLF,sx5e,20,5,5,2023,True,1.269672155380249,0.8354632258415222,1.1267973184585571,-0.2999448776245117,-0.012321609323378726,0.007170912324862887,-0.06920539013936475,0.041804123576159063,-0.010117952266374668,44,50,25.4,0.01023884731094532
DiscoverPLF,sx5e,20,5,42,2023,True,1.0475237369537354,0.7558724880218506,1.0234860181808472,-0.07249975204467773,0.01479721548392822,0.017205688563614825,0.07695758857404664,0.09219166176297296,0.017420713169685777,23,49,24.7,0.019605811373893337
DiscoverPLF,sx5e,20,5,0,2024,True,1.1437456607818604,0.8152250051498413,1.0694605112075806,-0.17045605182647705,-0.028175291779380923,-0.029317198816276934,-0.1772999653484925,-0.17353033720598646,-0.02993414234238741,29,50,25.3,0.017396075496767343
DiscoverPLF,sx5e,20,5,5,2024,True,1.1635966300964355,0.8176939487457275,1.078701376914978,-0.19077062606811523,-0.05172492615467714,-0.04762564386547674,-0.30214048392953163,-0.2882088166036609,-0.0497383213513516,30,50,25.5,0.0245945635007104
DiscoverPLF,sx5e,20,5,42,2024,True,1.1105356216430664,0.7992373704910278,1.0538195371627808,-0.13647043704986572,-0.04788314286211865,-0.04861195276547579,-0.2527814892270472,-0.25512946697904676,-0.04328885094087965,26,50,25.2,0.03711948705702679
FactorVAE,dji,20,5,0,2020,True,0.8533286452293396,0.6967880725860596,0.9237579107284546,-0.0067598819732666016,0.02200351241960443,0.044903372489579374,0.09466314659885887,0.19296751703746107,-0.0005172734647796216,1,30,67.0,-0.04130259420482236
FactorVAE,dji,20,5,5,2020,True,0.8605005741119385,0.6998819708824158,0.927631676197052,-0.015221357345581055,-0.0009725719054064659,0.033332068564452366,-0.003508831376209411,0.12240019134489068,-0.01567244889800419,1,30,69.6,-0.027263865052092308
FactorVAE,dji,20,5,42,2020,True,0.8531977534294128,0.6950308084487915,0.9236870408058167,-0.006605386734008789,0.012342819040865727,0.05006937090895112,0.05047347948739781,0.2144485129851164,-0.007982411782936991,1,30,49.9,-0.03009367142901472
FactorVAE,dji,20,5,0,2021,True,0.8967084884643555,0.7402067184448242,0.946946918964386,0.009569823741912842,0.09770081014096099,0.0856751896160763,0.43950627238544987,0.3803334767520008,0.1088372581720474,1,30,70.9,0.025630814293216276
FactorVAE,dji,20,5,5,2021,True,0.8963472843170166,0.740189254283905,0.9467561841011047,0.009968757629394531,0.09538513459455437,0.07842481820314331,0.39607233873393094,0.33692001102585206,0.1019923097657176,1,30,73.9,0.017341447874283687
FactorVAE,dji,20,5,42,2021,True,0.8995022773742676,0.7401918768882751,0.9484209418296814,0.006484031677246094,0.10711900044408684,0.09626241301118145,0.5134521483019602,0.4628388389445834,0.11691846100068522,1,30,73.7,0.04802129971387602
FactorVAE,dji,20,5,0,2022,True,0.8931252360343933,0.7437634468078613,0.9450530409812927,-0.004830837249755859,-0.05299112445409785,-0.05879143524424468,-0.22861616780666208,-0.2391475667942982,-0.0472906734284269,1,30,74.1,0.02766048214211796
FactorVAE,dji,20,5,5,2022,True,0.8981712460517883,0.7459601163864136,0.9477189779281616,-0.010508060455322266,-0.05958840590213453,-0.07016269895786312,-0.20994160520919047,-0.2417705220222879,-0.0468806660513267,1,30,72.3,0.0909055668537634
FactorVAE,dji,20,5,42,2022,True,0.8944936990737915,0.7441198229789734,0.9457767605781555,-0.00637054443359375,-0.04890290133400382,-0.047902969403175476,-0.24463769005074415,-0.2397788247462211,-0.024987877751553467,1,30,75.3,0.08839626225838616
FactorVAE,dji,20,5,0,2023,True,0.8557813763618469,0.7117145657539368,0.9250845313072205,0.007891356945037842,0.08266871863471908,0.03844532019704432,0.5306891127559202,0.23755155371859277,0.09387261456730883,1,30,72.0,-0.04918417721805069
FactorVAE,dji,20,5,5,2023,True,0.8604941964149475,0.7148258090019226,0.9276282787322998,0.0024277567863464355,0.059781890429917946,0.031215763546798024,0.31884123433467737,0.15655482216047847,0.0718420134270347,0,30,68.6,-0.017073438881906846
FactorVAE,dji,20,5,42,2023,True,0.8583464622497559,0.7131860256195068,0.9264699220657349,0.0049176812171936035,0.09002958299730063,0.07107389162561574,0.5119943052237502,0.4053973271288508,0.09680172425710562,0,30,72.1,-0.027443939337439514
FactorVAE,dji,20,5,0,2024,True,0.9295346140861511,0.7247779965400696,0.9641237258911133,-0.007924318313598633,-0.030461027739865754,-0.036863612761769325,-0.1337347587789706,-0.16897413664744348,-0.025084028630774805,1,30,66.5,-0.01282983957312997
FactorVAE,dji,20,5,5,2024,True,0.942234456539154,0.7319226264953613,0.9706876277923584,-0.021695256233215332,-0.06716119068254904,-0.06587683928216419,-0.30624320672551975,-0.31166314302562953,-0.05901272804702985,1,30,65.7,0.028915289423620556
FactorVAE,dji,20,5,42,2024,True,0.9346233010292053,0.7282407283782959,0.9667591452598572,-0.013442158699035645,-0.025745189129348693,-0.026876515678098435,-0.1214188355034911,-0.13162107743086598,-0.018866789348312415,1,30,66.8,0.007524061915962955
FactorVAE,nasdaq100,20,5,0,2020,True,0.8513124585151672,0.6991464495658875,0.9226659536361694,-0.00214385986328125,0.013209486920728306,0.0204991664286751,0.08381478498343037,0.12377560894811447,0.005638889873635098,1,30,66.5,0.012901027369153457
FactorVAE,nasdaq100,20,5,5,2020,True,0.8537783026695251,0.6977949142456055,0.9240012168884277,-0.0050466060638427734,-0.01369774209425752,-0.008280919210357174,-0.09164542295241546,-0.05611725887027046,-0.012165873685473543,1,30,67.1,0.001170339087180047
FactorVAE,nasdaq100,20,5,42,2020,True,0.8525205254554749,0.7006529569625854,0.9233203530311584,-0.0035659074783325195,0.002214697879601203,-0.004393128845595309,0.015215656568970521,-0.029863428478917618,0.0017212712378326164,1,30,68.0,0.03988637468042791
FactorVAE,nasdaq100,20,5,0,2021,True,0.9222328662872314,0.7324342727661133,0.960329532623291,-0.013444781303405762,-0.07823466722606093,-0.0775620271681176,-0.3559369908946483,-0.37522631975844944,-0.07944210741485447,1,30,68.4,0.06359874607762439
FactorVAE,nasdaq100,20,5,5,2021,True,0.9287552833557129,0.7349250912666321,0.9637194871902466,-0.020612359046936035,-0.07531948755451287,-0.06369125690280442,-0.3048599485329701,-0.25271054231497964,-0.07433705040388876,1,30,68.4,0.11098376455553394
FactorVAE,nasdaq100,20,5,42,2021,True,0.9282559752464294,0.7344062328338623,0.9634604454040527,-0.02006363868713379,-0.08086503489887839,-0.07838023112453325,-0.3194129806536407,-0.30130779805547564,-0.07567169786261332,1,30,69.8,0.10887332595222061
FactorVAE,nasdaq100,20,5,0,2022,True,0.9195302724838257,0.7249137759208679,0.9589214324951172,-0.007105708122253418,-0.08847273525842118,-0.09562485110028036,-0.3687455028668505,-0.4253451174227557,-0.09023961348827057,0,30,68.5,-0.06243300940151382
FactorVAE,nasdaq100,20,5,5,2022,True,0.9177722334861755,0.7239072918891907,0.9580042958259583,-0.005180239677429199,-0.05654619179633836,-0.06397671655478346,-0.29287259594005655,-0.3510817694758928,-0.05876461086573766,0,30,69.4,-0.05172724098485526
FactorVAE,nasdaq100,20,5,42,2022,True,0.9210713505744934,0.7250974178314209,0.9597246050834656,-0.00879359245300293,-0.0666296241096607,-0.07266361872826858,-0.2879441982981243,-0.3258733609201732,-0.07119168993843134,0,30,70.5,-0.07651720725732658
FactorVAE,nasdaq100,20,5,0,2023,True,0.903157114982605,0.7166604399681091,0.9503458142280579,-0.001081228256225586,0.021583199373055605,0.023571871169377864,0.10523538842854459,0.12427380612368687,0.01761345980487925,1,30,69.6,-0.050524816793022925
FactorVAE,nasdaq100,20,5,5,2023,True,0.9067709445953369,0.7178415060043335,0.9522452354431152,-0.0050868988037109375,0.026326736079859497,0.0257803602235547,0.15438906245713044,0.15644076726725845,0.02343433068532065,2,30,70.4,-0.038960513308990405
FactorVAE,nasdaq100,20,5,42,2023,True,0.9077930450439453,0.717840313911438,0.9527817368507385,-0.006219744682312012,0.0110065715798383,0.006168577432553793,0.0544100943170874,0.03182601569286235,-1.3236240038362896e-05,1,30,71.0,-0.06870829108917167
FactorVAE,nasdaq100,20,5,0,2024,True,0.910857081413269,0.7162438631057739,0.9543883204460144,-0.006166338920593262,-0.04471025463841972,-0.04557821390802996,-0.48540762363833473,-0.4457354562661851,-0.04239569647363989,1,30,70.2,0.0012155188314428712
FactorVAE,nasdaq100,20,5,5,2024,True,0.9139823913574219,0.7172367572784424,0.9560242891311646,-0.009618639945983887,-0.040530720818531575,-0.03890812819522176,-0.34251183809956315,-0.3146306838490991,-0.0395991020283182,1,30,70.1,0.062307194545743794
FactorVAE,nasdaq100,20,5,42,2024,True,0.910647988319397,0.7161048650741577,0.9542787671089172,-0.0059354305267333984,-0.03631117763008228,-0.024191430926708092,-0.4448435123834048,-0.24967973657653267,-0.03179613942501917,1,30,71.0,0.01695630866432019
FactorVAE,sx5e,20,5,0,2021,True,0.9422528147697449,0.7599924206733704,0.9706971049308777,0.0026684999465942383,0.04807042177336049,0.06389025012934918,0.25639257392336384,0.36749912364484594,0.05316153338101346,1,30,71.4,0.039465696876821936
FactorVAE,sx5e,20,5,5,2021,True,0.9452027082443237,0.7617477178573608,0.9722153544425964,-0.0004538297653198242,0.031982048605749665,0.0426192812644992,0.16588113310791594,0.2262146597674284,0.035995095026525634,1,30,70.1,0.01554288540513256
FactorVAE,sx5e,20,5,42,2021,True,0.9449762105941772,0.761422872543335,0.9720988869667053,-0.00021409988403320312,0.03156488384927131,0.0366818477603874,0.19155331208140597,0.21344588111872767,0.036030103726198165,1,30,69.0,0.03435917716878874
FactorVAE,sx5e,20,5,0,2022,True,0.9465461373329163,0.7616736888885498,0.9729060530662537,4.225969314575195e-05,0.02282501507933265,0.023836642162793905,0.11644210889790826,0.11684015554676792,0.02815429005308406,1,30,63.0,0.08889154720122147
FactorVAE,sx5e,20,5,5,2022,True,0.9545501470565796,0.7654441595077515,0.9770108461380005,-0.008413314819335938,0.0020580162798694564,-0.0008999680922551216,0.011936000959656239,-0.005257118481233595,0.005706055423829215,1,30,67.1,0.037184429940064476
FactorVAE,sx5e,20,5,42,2022,True,0.9501910209655762,0.7632269859313965,0.9747774004936218,-0.003808259963989258,0.00029243428730539334,-0.006892164888858919,0.001575779053167115,-0.036983158032301906,0.0029143489196162375,1,30,61.1,0.046594848347009575
FactorVAE,sx5e,20,5,0,2023,True,0.9062825441360474,0.7319406270980835,0.9519887566566467,-0.007137775421142578,-0.005327522507754892,-0.014511970996158169,-0.026277107766539298,-0.06945492646375925,-0.0018720478834686005,1,30,55.7,0.06801792048865384
FactorVAE,sx5e,20,5,5,2023,True,0.9142179489135742,0.7361705303192139,0.9561474323272705,-0.01595628261566162,-0.0489327185350606,-0.05142683857022158,-0.21675046415832452,-0.21809758769252913,-0.03622231173725088,1,30,57.4,0.04804996861944911
FactorVAE,sx5e,20,5,42,2023,True,0.9118162989616394,0.733811616897583,0.9548907279968262,-0.01328730583190918,-0.04343579934160061,-0.03768305570037777,-0.21647490935654035,-0.183152885866005,-0.037902015306463074,1,30,53.1,0.04532357089207362
FactorVAE,sx5e,20,5,0,2024,True,0.972984790802002,0.7730110883712769,0.9863998889923096,-0.021874189376831055,-0.07805531961202258,-0.07241572303755811,-0.4347946656027371,-0.4258530606495268,-0.07415795291284984,1,30,61.6,-0.0005651175838367761
FactorVAE,sx5e,20,5,5,2024,True,0.9733150005340576,0.7730874419212341,0.9865672588348389,-0.022220969200134277,-0.05491589487618698,-0.05294384895063449,-0.2782782445104321,-0.26696861635015123,-0.056932734653540096,1,30,60.4,0.014665083819987922
FactorVAE,sx5e,20,5,42,2024,True,0.9667273163795471,0.7710635662078857,0.9832229018211365,-0.015302300453186035,-0.03152520471562585,-0.041162552466324595,-0.17229708716770545,-0.22626212747112517,-0.02775285238224838,1,30,53.5,-0.02528863168971842
FinFormer,dji,20,5,0,2020,True,3.3802502155303955,1.4174058437347412,1.8385456800460815,-2.5086400508880615,0.02510973392471808,0.029756683429846845,0.09438121211784055,0.11054775351970778,0.022842133105757775,2,13,2.7,-0.006819572656156283
FinFormer,dji,20,5,5,2020,True,1.870848298072815,1.0902800559997559,1.3677895069122314,-0.9419074058532715,0.019342956620424415,0.04011788644472303,0.07332929936123189,0.14852855642146845,0.020481134345735955,1,12,2.6,0.005546231043762324
FinFormer,dji,20,5,42,2020,True,2.9259495735168457,1.333358645439148,1.710540771484375,-2.037083864212036,0.025260740219757705,0.030117641811794736,0.08828593562398178,0.10833583611643854,0.027953435855502317,5,16,2.8,-0.0014712971741860281
FinFormer,dji,20,5,0,2021,True,3.045154333114624,1.2664539813995361,1.7450370788574219,-2.153909921646118,-0.002911124242963526,-0.007989287669090624,-0.013063680178576391,-0.035721669265456134,-0.004743242418983471,1,12,2.6,0.046747796882991195
FinFormer,dji,20,5,5,2021,True,2.1149580478668213,1.1246364116668701,1.4542895555496216,-1.1904921531677246,0.02420939208094296,0.023223082336382823,0.09536902153110358,0.0926745798463217,0.024355999133269933,3,14,3.0,0.04647587450735795
FinFormer,dji,20,5,42,2021,True,4.946793079376221,2.0036463737487793,2.2241387367248535,-4.123464107513428,0.03740919144070558,0.040943388849792775,0.15344892356807088,0.16647488070215435,0.034188001788003894,0,11,2.4,0.028790660386127927
FinFormer,dji,20,5,0,2022,True,2.0171172618865967,1.1108803749084473,1.4202525615692139,-1.0891571044921875,0.016503494464593597,0.01343394893333072,0.06751171158465219,0.055857496880820506,0.01793140601144757,17,28,5.7,0.05244061539504991
FinFormer,dji,20,5,5,2022,True,2.1163039207458496,1.1542348861694336,1.4547522068023682,-1.1918861865997314,0.031120656518078216,0.03038486448295487,0.1426488367709088,0.1401644910264403,0.03126941472091439,5,16,3.4,0.02921963184222962
FinFormer,dji,20,5,42,2022,True,2.8081090450286865,1.3512037992477417,1.6757413148880005,-1.9083988666534424,0.011089776574532636,0.012931525131003077,0.05476888990097236,0.0637599660368559,0.012054840562072263,4,15,3.2,0.04957622343058845
FinFormer,dji,20,5,0,2023,True,1.8956670761108398,1.0837002992630005,1.3768322467803955,-0.9633693695068359,0.01878731304520642,0.014177339901477829,0.08552942838094321,0.06708781654478567,0.010133592975126697,9,20,4.2,0.024334984563522847
FinFormer,dji,20,5,5,2023,True,1.964004635810852,1.1081409454345703,1.401429533958435,-1.0341475009918213,0.010103192585610215,0.00691625615763547,0.04750676313099941,0.033485569099642135,0.008894831638479168,3,14,3.0,0.012628341781441472
FinFormer,dji,20,5,42,2023,True,2.246354579925537,1.1839544773101807,1.4987844228744507,-1.3265817165374756,-0.008872807549632388,-0.0035290640394088657,-0.04557553368102988,-0.01905040949125397,-0.009338762061647297,4,15,3.2,0.01081406550247433
FinFormer,dji,20,5,0,2024,True,1.9096754789352417,1.0653190612792969,1.3819100856781006,-0.9778780937194824,0.018380725147860332,0.03302642896238955,0.09397354695727668,0.16948965468490942,0.018694741565360013,17,28,5.8,0.033832296561757916
FinFormer,dji,20,5,5,2024,True,2.1786770820617676,1.1855711936950684,1.4760342836380005,-1.2564868927001953,0.06267152227548144,0.07243725076237391,0.31535149853197036,0.37390461924434126,0.05858819412745677,9,20,4.2,0.01957963254980154
FinFormer,dji,20,5,42,2024,True,1.59130859375,0.9765625,1.2614707946777344,-0.6481410264968872,-0.003811271034735223,0.01880717804363124,-0.018707789193140444,0.09012295495047315,-0.0035724124251065477,0,11,2.4,0.04161892084925168
FinFormer,nasdaq100,20,5,0,2020,True,1.765878438949585,1.0021721124649048,1.3288636207580566,-0.7835372686386108,0.048687529261971736,0.05279193847852604,0.24707730841445508,0.26681872241473914,0.05085083086140728,2,13,6.7,0.036267880699193976
FinFormer,nasdaq100,20,5,5,2020,True,3.701709508895874,1.6214604377746582,1.9239827394485474,-2.7387266159057617,0.03977963383858188,0.0411370636759821,0.20277383717630496,0.20336162576463498,0.04199543195078421,3,14,7.2,0.054955073954866845
FinFormer,nasdaq100,20,5,42,2020,True,1.8310507535934448,0.9506688714027405,1.353163242340088,-0.8493613004684448,0.034355482590752,0.04793805992756312,0.16234439052941807,0.22414102237816497,0.030399577986802533,0,11,5.8,0.03204650309692466
FinFormer,nasdaq100,20,5,0,2021,True,2.165379524230957,1.090266227722168,1.4715228080749512,-1.1869819164276123,0.007299472707509916,-0.00304802658312779,0.03747092728427141,-0.01572547063502051,0.0035760814210568214,2,13,6.7,0.06744331618768158
FinFormer,nasdaq100,20,5,5,2021,True,2.192415475845337,1.0486605167388916,1.4806807041168213,-1.214287519454956,0.016959063830026096,0.013699865249388569,0.10268281864347921,0.0972886748090679,0.019268273297278406,30,41,19.3,0.047833309174230766
FinFormer,nasdaq100,20,5,42,2021,True,2.3887007236480713,1.1128904819488525,1.5455422401428223,-1.4125311374664307,0.00689130490983522,0.004170458248681925,0.036959093271059965,0.022420963294421697,0.011840292754557965,7,18,8.9,0.06092032003691328
FinFormer,nasdaq100,20,5,0,2022,True,1.236768126487732,0.8144155144691467,1.1121007204055786,-0.24924218654632568,-0.03822263410444187,-0.041698506637288676,-0.1522703655687398,-0.1598539270764258,-0.032491926561842605,0,11,5.8,0.0006763640122321851
FinFormer,nasdaq100,20,5,5,2022,True,1.7376352548599243,0.963126003742218,1.3181939125061035,-0.7551610469818115,-0.008215203760967267,-0.023298566153731437,-0.03393667653053147,-0.09100482020717207,0.004025079822338144,0,11,5.9,0.008970322383297149
FinFormer,nasdaq100,20,5,42,2022,True,2.84055757522583,1.4474961757659912,1.685395359992981,-1.8692073822021484,-0.009611894340173701,-0.015056123532366909,-0.0363330210136199,-0.05477153204110986,0.0018007185658462093,0,11,5.8,0.0015691928101435903
FinFormer,nasdaq100,20,5,0,2023,True,1.9128551483154297,1.045741081237793,1.383060097694397,-0.9322199821472168,-0.0007136382479338756,0.0073912973223751914,-0.004168336554932369,0.04842267862339891,0.0015243890835843984,3,14,7.0,0.002911795498297662
FinFormer,nasdaq100,20,5,5,2023,True,1.8722577095031738,1.0276281833648682,1.36830472946167,-0.8912115097045898,-0.006471455508600361,-0.011125897696482956,-0.039581882594954605,-0.061138624851319184,-0.00814495140767887,3,14,6.9,-0.0036908707645866
FinFormer,nasdaq100,20,5,42,2023,True,2.450108766555786,1.082697868347168,1.5652823448181152,-1.474912405014038,-0.0037774785719058147,-0.0041204469056228986,-0.022034440272831857,-0.023226017535342272,0.0008937900159197086,4,15,7.1,0.0029430497775166887
FinFormer,nasdaq100,20,5,0,2024,True,4.692964553833008,1.5424470901489258,2.166325092315674,-3.740260124206543,0.006111222621725621,0.0032603882672348713,0.03636445680665179,0.01750282005045895,0.014542114998633043,5,16,8.1,0.036441346215824656
FinFormer,nasdaq100,20,5,5,2024,True,1.7571368217468262,1.0554393529891968,1.3255703449249268,-0.7748452425003052,-0.016046839568998803,-0.017919002887603282,-0.08984360190381256,-0.09576419710346551,-0.011157809033727142,0,11,5.8,0.013240642388854033
FinFormer,nasdaq100,20,5,42,2024,True,3.502028226852417,1.6036121845245361,1.8713706731796265,-2.5373215675354004,-0.016026640240272793,-0.018700207517242072,-0.1005789228318479,-0.11082167160707442,-0.010082232676459245,1,12,6.1,0.027858795728305838
FinFormer,sx5e,20,5,0,2021,True,2.323941946029663,1.1659544706344604,1.524448037147522,-1.3717398643493652,0.02289579862470701,0.013936454994118741,0.11840108138751246,0.07104353201407605,0.025915989681557602,10,21,5.3,0.0037749244823769832
FinFormer,sx5e,20,5,5,2021,True,3.6122584342956543,1.5657395124435425,1.9005942344665527,-2.686553955078125,0.005731344627995545,0.0167998792770879,0.027681020523597697,0.07900314100661028,0.005267119386661542,5,16,4.1,0.005511717217786206
FinFormer,sx5e,20,5,42,2021,True,2.2686991691589355,1.1300162076950073,1.5062201023101807,-1.3153607845306396,0.03529467661676727,0.029390681156594992,0.18851053815478266,0.17383464821924072,0.03078507921628787,33,44,10.3,0.023941828514364466
FinFormer,sx5e,20,5,0,2022,True,3.0103728771209717,1.4377191066741943,1.7350425720214844,-2.0720245838165283,-0.008206208541514706,3.371407639945191e-05,-0.03689485390795075,0.00014697268161204866,-0.0037076584510345716,1,12,3.2,0.018877152337035907
FinFormer,sx5e,20,5,5,2022,True,2.1708035469055176,1.1422597169876099,1.4733647108078003,-1.2152609825134277,-0.005109938653373925,-0.009407055122099144,-0.029933222747185222,-0.05607030778030009,-0.00618916726828675,14,25,6.3,0.05236097944489523
FinFormer,sx5e,20,5,42,2022,True,2.2814102172851562,1.189500331878662,1.5104337930679321,-1.3281328678131104,-0.01854429914031681,-0.02116788652410236,-0.09705499653356389,-0.1155371240341852,-0.018759361852092298,13,24,5.8,0.025176702955395862
FinFormer,sx5e,20,5,0,2023,True,2.5473546981811523,1.3470211029052734,1.5960434675216675,-1.5994248390197754,-0.007827343600614689,-0.003936270862917458,-0.03367299505525411,-0.017865197431878366,-0.002268780235901526,0,11,2.9,0.03803820129464662
FinFormer,sx5e,20,5,5,2023,True,4.13541316986084,1.8142389059066772,2.033571481704712,-3.219944953918457,-0.007309735382404033,0.0041914987109893465,-0.036191006008521216,0.02285004378470444,-0.0046938452633948444,0,11,2.9,0.030127495534038356
FinFormer,sx5e,20,5,42,2023,True,2.508671522140503,1.2876969575881958,1.5838786363601685,-1.5599510669708252,-0.0009089164885069761,0.010004676520275766,-0.004345342383014757,0.04895744826003006,-0.0011425900671053761,1,12,3.1,0.032745688728861314
FinFormer,sx5e,20,5,0,2024,True,2.3598432540893555,1.2447266578674316,1.5361781120300293,-1.4080264568328857,-0.01987310584140924,-0.006705424764655889,-0.0889695641295774,-0.031011532625407547,-0.011752805886233512,1,12,3.2,0.0246313209612817
FinFormer,sx5e,20,5,5,2024,True,2.1830801963806152,1.1434361934661865,1.477524995803833,-1.227654218673706,-0.007669004912553941,-0.010569217661748176,-0.04364737404631892,-0.059332305399827874,-0.008933546210315444,32,43,10.6,0.058575747952399226
FinFormer,sx5e,20,5,42,2024,True,1.8495275974273682,1.0477371215820312,1.359973430633545,-0.8872910737991333,-0.01612212388161099,-0.02015522763802757,-0.08945837872100738,-0.10623828645487367,-0.017641415323659197,7,18,4.6,0.013726038432019702
HIST,dji,20,5,0,2020,True,0.9662584066390991,0.7450578212738037,0.9829844236373901,-0.003014206886291504,0.030345263138149555,0.051665642370290046,0.11599547848692505,0.1947326156647102,0.041674181665343084,11,42,8.2,0.014129582782426398
HIST,dji,20,5,5,2020,True,1.1394336223602295,0.8177763223648071,1.067442536354065,-0.18277692794799805,0.02302030706661436,0.02671982357139778,0.09770828896817235,0.11174546896407749,0.027211781879498957,44,75,15.0,0.01173514585975356
HIST,dji,20,5,42,2020,True,0.9631521701812744,0.745263397693634,0.9814031720161438,0.00021010637283325195,0.037585629024594745,0.03652777340933262,0.15677481130005594,0.14707688495427548,0.04559486661837101,8,39,5.8,0.019046118200909432
HIST,dji,20,5,0,2021,True,0.9672413468360901,0.7481107115745544,0.9834842681884766,-0.0017856359481811523,0.03388854169248231,0.036523574947220264,0.1414219701497262,0.1609854211357917,0.031052185232180857,8,39,7.8,0.057655330658836976
HIST,dji,20,5,5,2021,True,0.9711608290672302,0.750129759311676,0.9854749441146851,-0.005845069885253906,0.025527621117160896,0.02776213933849401,0.10871127596021896,0.12275806137863866,0.021662736740593047,11,42,8.2,0.050386069683936954
HIST,dji,20,5,42,2021,True,0.9744879007339478,0.7514744400978088,0.9871615171432495,-0.00929105281829834,0.02360157892453542,0.019266557197591676,0.10606111862704821,0.08902181032134754,0.017722507727641085,14,45,8.6,0.06408909022674089
HIST,dji,20,5,0,2022,True,0.9745088219642639,0.7521508932113647,0.9871721267700195,-0.009312748908996582,-0.005534452710452105,7.065334720232663e-05,-0.021419502993871378,0.0002693938505402613,0.002366804848321743,6,37,7.3,0.04480361174204995
HIST,dji,20,5,5,2022,True,0.975117027759552,0.7530794143676758,0.9874801635742188,-0.00994265079498291,-0.0008222697820354228,-0.003866308166349382,-0.0034352776324888625,-0.016477095294721855,0.007870955262527962,10,41,8.0,0.05490419156266029
HIST,dji,20,5,42,2022,True,0.9703025221824646,0.7519327998161316,0.9850393533706665,-0.0049561262130737305,-0.002998641815005969,-0.0033540713991325314,-0.010863300162073408,-0.01259670543596514,-0.009096702584689368,2,33,6.4,0.0475617058428346
HIST,dji,20,5,0,2023,True,0.9999257922172546,0.7558918595314026,0.9999628663063049,-0.03563737869262695,0.04402072368447128,0.02840985221674876,0.19788871069402958,0.13064869128962384,0.03598777282682858,32,63,12.1,0.027493660344467624
HIST,dji,20,5,5,2023,True,0.9942816495895386,0.7526605725288391,0.9971367120742798,-0.029791712760925293,0.04561834486163025,0.039875862068965505,0.19285555446474792,0.17716940517004814,0.0322654144524489,25,56,10.8,0.03282926160551517
HIST,dji,20,5,42,2023,True,0.9821620583534241,0.7442565560340881,0.9910408854484558,-0.01723921298980713,0.015321219951531894,0.022859113300492596,0.05958039122977197,0.09083148477736552,0.008493055214208331,20,51,9.8,0.026089041462392857
HIST,dji,20,5,0,2024,True,0.9673852324485779,0.7183350920677185,0.9835574626922607,-0.0019347667694091797,0.040905550547541004,0.04698569082805536,0.18203594841304954,0.22132728484714703,0.04370786139657193,12,43,8.4,0.06432278209824807
HIST,dji,20,5,5,2024,True,0.9679645299911499,0.7189767956733704,0.9838519096374512,-0.0025347471237182617,0.05064023742980815,0.04999218078035811,0.21218103330306887,0.2473791362873877,0.03981013535053433,15,46,9.0,0.053010048025038205
HIST,dji,20,5,42,2024,True,0.9628928303718567,0.7174050807952881,0.9812710285186768,0.0027181506156921387,0.07042315378167058,0.0704668074126202,0.30789083240462395,0.3498252625675511,0.06694430357288038,17,48,9.2,0.0517353878213929
HIST,nasdaq100,20,5,0,2020,True,0.990936279296875,0.7077338099479675,0.9954578280448914,-0.0010478496551513672,0.025198195118587518,0.030214445040057263,0.11439040726505399,0.14185058496493524,0.02845377926442151,0,31,6.8,0.04405970286214039
HIST,nasdaq100,20,5,5,2020,True,0.9896140694618225,0.7076987624168396,0.9947934746742249,0.00028783082962036133,0.025624999865854536,0.025059948085526456,0.12331599061377084,0.11999392656162253,0.028284493365452516,3,34,7.4,0.04598967593953188
HIST,nasdaq100,20,5,42,2020,True,0.9897661805152893,0.7083156108856201,0.9948699474334717,0.0001341700553894043,0.030144950975274372,0.021458541789615117,0.14023423733655435,0.10032879576631862,0.022445369495395467,1,32,6.9,0.04396929773123271
HIST,nasdaq100,20,5,0,2021,True,1.0004069805145264,0.715352475643158,1.0002034902572632,-0.010496020317077637,-0.012353108737302236,-0.009794248187494907,-0.06680485183139553,-0.053423812311133384,-0.020512172341070438,10,41,8.8,0.0561357236890908
HIST,nasdaq100,20,5,5,2021,True,0.9956453442573547,0.7134813070297241,0.9978203177452087,-0.005686283111572266,-0.011768306653111741,0.004305974003634751,-0.05729666392152874,0.022068774272667204,-0.014007751129827056,8,39,8.3,0.05714783672417639
HIST,nasdaq100,20,5,42,2021,True,0.9935725331306458,0.7122936844825745,0.9967811107635498,-0.0035926103591918945,0.020228692744539634,0.01630222869268839,0.09703389311243452,0.0757166488987633,0.019571575629627677,1,32,6.9,0.05625556050173594
HIST,nasdaq100,20,5,0,2022,True,0.9921249151229858,0.7104030251502991,0.9960546493530273,-0.0021355152130126953,-0.006075269943573919,-0.006037545808289799,-0.02791254425126628,-0.02601611140881362,-0.005675482974708468,0,31,6.8,0.04057735393674338
HIST,nasdaq100,20,5,5,2022,True,0.9930801391601562,0.7107502222061157,0.9965340495109558,-0.0031003952026367188,-0.01653426105994727,-0.016948414608820468,-0.08317257103112888,-0.08086790234568499,-0.012574183849949148,0,31,6.7,0.0337667493343938
HIST,nasdaq100,20,5,42,2022,True,0.9915893077850342,0.7100045084953308,0.9957857728004456,-0.0015944242477416992,-0.004043183404238214,0.0010633015066003769,-0.01914223221659212,0.004689403306246102,-0.0014402238092411125,1,32,6.9,0.0032170524227989545
HIST,nasdaq100,20,5,0,2023,True,1.0892490148544312,0.7415707111358643,1.043670892715454,-0.10028493404388428,-0.01180436393479776,0.001270049140188119,-0.0859419716363037,0.008981823105027873,-0.02042366755451631,50,81,16.3,0.019219988813584332
HIST,nasdaq100,20,5,5,2023,True,1.1948840618133545,0.7802571654319763,1.0931075811386108,-0.20699024200439453,-0.002111366958025405,-0.007135505504385114,-0.013841167188915681,-0.047147603061047816,-0.0019397914127119917,93,124,24.5,0.026683571697738898
HIST,nasdaq100,20,5,42,2023,True,1.0975147485733032,0.7457094192504883,1.0476233959197998,-0.10863447189331055,0.007509876396375026,0.009979475525581082,0.046284779614512536,0.06192413363061052,0.006938343075666237,63,94,18.8,0.014508269977127586
HIST,nasdaq100,20,5,0,2024,True,1.1112140417099,0.7428776621818542,1.0541414022445679,-0.12241733074188232,-0.005323022087861855,-0.0008323250325595284,-0.03445380422282128,-0.005156075137486358,-0.003672335983382766,65,96,19.0,0.02401475166280019
HIST,nasdaq100,20,5,5,2024,True,1.0688196420669556,0.7296922206878662,1.0338373184204102,-0.07959556579589844,0.00488759617091234,0.008301075225652706,0.0327160135919579,0.054122707797486624,-0.0020400905565956234,53,84,16.9,0.022167094908282402
HIST,nasdaq100,20,5,42,2024,True,1.0197373628616333,0.7091859579086304,1.0098204612731934,-0.030018329620361328,0.0007667145102039099,0.016584538663913108,0.004621975717002453,0.09868721550692952,-0.004638488956770608,34,65,13.4,0.008520879766264372
HIST,sx5e,20,5,0,2021,True,0.9942435622215271,0.7494867444038391,0.9971176385879517,-0.020026564598083496,-0.021275288359332463,-0.02608081089972359,-0.09388633069785689,-0.11833224357049126,-0.019273617244358263,11,42,8.3,0.054349487419369034
HIST,sx5e,20,5,5,2021,True,0.9803465604782104,0.7460194826126099,0.990124523639679,-0.005769133567810059,-0.008996025987726402,-0.02169322670308136,-0.03719629293505214,-0.09526912695215253,-0.0023727646956313107,7,38,7.6,0.058751295114254226
HIST,sx5e,20,5,42,2021,True,0.9824023842811584,0.745941698551178,0.991162121295929,-0.007878303527832031,-0.005082990755980469,-0.009979701334199764,-0.021049921549754946,-0.04361247471428155,0.0006541605082538783,10,41,8.2,0.04990848932805404
HIST,sx5e,20,5,0,2022,True,1.0461406707763672,0.7831985950469971,1.0228102207183838,-0.07174134254455566,0.030235046974871026,0.028738538025100537,0.13586776431596503,0.12955369447415216,0.026152235253213262,35,66,12.9,0.0202771125211909
HIST,sx5e,20,5,5,2022,True,1.2990165948867798,0.8786072731018066,1.1397440433502197,-0.3308054208755493,0.03244618018993224,0.030319054233043166,0.1672113420407156,0.15706163992382594,0.027432554591342233,79,110,21.2,0.017856003129147698
HIST,sx5e,20,5,42,2022,True,1.2348626852035522,0.8551064133644104,1.111243724822998,-0.26508164405822754,0.006439522992620254,0.007447373640007885,0.03338790648574977,0.03928466751493793,0.006857647254032114,67,98,19.2,0.032207612388555476
HIST,sx5e,20,5,0,2023,True,0.9944939613342285,0.730361819267273,0.9972431659698486,-0.018205642700195312,-0.0005619986257405715,0.007438562075592024,-0.002897705565874982,0.038807518581580616,0.00371076053681572,20,51,10.1,0.023521383704106693
HIST,sx5e,20,5,5,2023,True,1.141000509262085,0.7956330180168152,1.06817626953125,-0.16820526123046875,0.003522044258366171,-0.00026163180427448633,0.019036931941087312,-0.0014061768364679384,-0.005029241337354403,68,99,19.3,0.06782312697542132
HIST,sx5e,20,5,42,2023,True,0.9913280606269836,0.7292375564575195,0.9956545829772949,-0.01496422290802002,-0.0027901187335293716,0.004908475002426709,-0.01352705148947321,0.024617813193622714,0.0021304005780496296,23,54,10.7,0.026867421327337365
HIST,sx5e,20,5,0,2024,True,1.0229238271713257,0.76345294713974,1.0113970041275024,-0.04681265354156494,-0.018397846315214187,-0.02157788873787425,-0.09606901833267258,-0.10548818351604336,-0.021802936035424502,29,60,11.8,0.03379943185373916
HIST,sx5e,20,5,5,2024,True,0.9808999300003052,0.744295597076416,0.990403950214386,-0.0038073062896728516,-0.03255770998583643,-0.027864626213836403,-0.13804177259193262,-0.11657721948429466,-0.03514306110356817,2,33,6.6,0.00981336418843315
HIST,sx5e,20,5,42,2024,True,1.1523858308792114,0.8210809826850891,1.073492407798767,-0.17929792404174805,-0.029229487353880722,-0.032199142263398525,-0.1789720033217831,-0.18632617771625865,-0.029733111739678148,70,101,19.8,0.03956443876681551
MASTER,dji,20,5,0,2020,True,0.9876681566238403,0.7513530850410461,0.9938149452209473,-0.025210261344909668,0.007886499114177882,0.015787643973551018,0.032412141652382424,0.06423838220713719,0.005729115880990756,6,7,1.2,-0.016999762094318333
MASTER,dji,20,5,5,2020,True,0.9798233509063721,0.7483639121055603,0.9898602962493896,-0.01706719398498535,0.017935978522542625,0.020903467680079377,0.07795269032219367,0.09095687292576829,0.020138255938745245,7,8,1.4,0.0010447938688257468
MASTER,dji,20,5,42,2020,True,0.9765820503234863,0.7478262186050415,0.9882216453552246,-0.013702750205993652,0.04346054871367386,0.05293914814154694,0.18330231134680364,0.21611419249118569,0.03595838600412377,6,7,1.0,-0.024562917081381537
MASTER,dji,20,5,0,2021,True,0.9688311219215393,0.7502121925354004,0.984292209148407,-0.0034322738647460938,0.04726935878931732,0.04853976073187895,0.18767908531671212,0.19594221341703807,0.05013234530821729,5,6,1.0,0.00560394002624626
MASTER,dji,20,5,5,2021,True,0.9750861525535583,0.7543929219245911,0.9874644875526428,-0.0099107027053833,0.025925681605905533,0.020607553366174054,0.11301248251169488,0.08994590437202984,0.03021376888689546,6,7,1.2,0.028110830138781486
MASTER,dji,20,5,42,2021,True,0.9831734299659729,0.7557844519615173,0.9915510416030884,-0.018286705017089844,-0.006679921042873275,-0.010864805692391897,-0.026727802217382905,-0.044336935788790145,-0.005558978962462984,6,7,1.0,0.03330161462796025
MASTER,dji,20,5,0,2022,True,0.9926115870475769,0.7604414820671082,0.9962989687919617,-0.028061985969543457,-0.031098047314337213,-0.023462799050104993,-0.13869672311758213,-0.10437765106550005,-0.02728758792816311,6,7,1.2,0.03360207127966524
MASTER,dji,20,5,5,2022,True,0.9900611639022827,0.7613455057144165,0.9950181841850281,-0.025420546531677246,-0.02608902446603441,-0.022817105960394865,-0.11331843764191023,-0.09302182879061285,-0.02780790347624168,6,7,1.2,0.010695949652975524
MASTER,dji,20,5,42,2022,True,0.9889407753944397,0.7600222826004028,0.9944550395011902,-0.02426004409790039,0.0017308805368536355,-0.00024336152925244503,0.007866736113099371,-0.0010695561749067897,0.0015875109444381211,7,8,1.2,-0.0278964603238187
MASTER,dji,20,5,0,2023,True,0.9722991585731506,0.7443866729736328,0.9860523343086243,-0.007024168968200684,0.04759126110103286,0.027255172413793098,0.23837365829487642,0.13698837174345754,0.04229951613529459,5,6,1.1,-0.04691085183355425
MASTER,dji,20,5,5,2023,True,0.9707689881324768,0.7421804666519165,0.9852761030197144,-0.005439281463623047,0.05981199118189621,0.047343842364532,0.27188563691397905,0.21226408045385048,0.05721102672569784,6,7,1.2,-0.030935932061415174
MASTER,dji,20,5,42,2023,True,0.9796265959739685,0.7456157207489014,0.9897608757019043,-0.01461327075958252,0.014156891582925905,0.006025615763546796,0.061183209839126236,0.02675469022797311,0.01268333420122269,6,7,1.0,-0.012752263368746911
MASTER,dji,20,5,0,2024,True,0.9758183360099792,0.7242587208747864,0.987835168838501,-0.01066899299621582,0.024575800086894566,0.02759793572601454,0.11357375898654196,0.13267189322193665,0.01820968214889446,6,7,1.2,0.00921030104802574
MASTER,dji,20,5,5,2024,True,0.9853372573852539,0.7281731367111206,0.9926415681838989,-0.02052783966064453,-0.0132556959985298,-0.003923293455313161,-0.06642870088215357,-0.020000917166375184,-0.014208001976624042,7,8,1.4,0.0037181705890841662
MASTER,dji,20,5,42,2024,True,0.9744654297828674,0.7218371629714966,0.9871501326560974,-0.009267807006835938,0.02635841972842099,0.020052388771600593,0.1310796071150885,0.10629826027812385,0.026725925883203057,7,8,1.2,-0.004315293284193486
MASTER,nasdaq100,20,5,0,2020,True,1.008832573890686,0.7161825895309448,1.0044065713882446,-0.0189208984375,0.023289645784011964,0.027370750235071278,0.15458271024512893,0.17924743730793466,0.024692955317956452,16,17,3.2,0.008621902367419136
MASTER,nasdaq100,20,5,5,2020,True,1.0123461484909058,0.717269778251648,1.006154179573059,-0.022469639778137207,0.014184334484606572,0.015183644722924841,0.0935173045416532,0.10530784412191826,0.016003546343447136,16,17,3.2,0.01709726274797961
MASTER,nasdaq100,20,5,42,2020,True,1.0104533433914185,0.7151455283164978,1.0052131414413452,-0.020557880401611328,0.028226851772978123,0.038962547394316975,0.16482730511843874,0.21952573156918342,0.03454191540373256,16,17,2.7,0.03444299553230364
MASTER,nasdaq100,20,5,0,2021,True,1.0167653560638428,0.7222223281860352,1.0083478689193726,-0.026912808418273926,-0.005919564684322313,-0.0022446283988439347,-0.03048758755829593,-0.012014029480241101,-0.0021549816783563527,15,16,3.0,0.07492339106123232
MASTER,nasdaq100,20,5,5,2021,True,1.0111867189407349,0.7211667895317078,1.005577802658081,-0.0212785005569458,0.008539803147639597,0.007041202922083752,0.05322578934723895,0.04397849392681443,0.01572804905481627,15,16,3.0,0.03727725055959988
MASTER,nasdaq100,20,5,42,2021,True,1.011744499206543,0.7229025363922119,1.0058550834655762,-0.021841883659362793,0.01367996287020085,0.010953177120432988,0.06911908005166549,0.055731555047789254,0.024775818071187727,15,16,2.5,0.07124209340817235
MASTER,nasdaq100,20,5,0,2022,True,1.0289939641952515,0.7283256649971008,1.0143934488296509,-0.039374470710754395,-0.003512579205209897,-0.008207864730660852,-0.015475951355778459,-0.03491990032498109,0.00019339859107667944,14,15,2.9,-0.01648945287187821
MASTER,nasdaq100,20,5,5,2022,True,1.03544282913208,0.7298423647880554,1.0175671577453613,-0.045888423919677734,-0.013075040294526705,-0.012291460911960364,-0.05313154202453649,-0.050024539186520084,-0.0073060745700327485,14,15,2.9,0.00959637148471935
MASTER,nasdaq100,20,5,42,2022,True,1.0237176418304443,0.7266563773155212,1.011789321899414,-0.03404498100280762,0.015501357440442844,0.010158962602790013,0.06626456256887858,0.04227112653313992,0.017655150245103668,14,15,2.4,0.003987316282205013
MASTER,nasdaq100,20,5,0,2023,True,1.0093576908111572,0.7124951481819153,1.0046679973602295,-0.01958012580871582,0.010259340857797679,0.011830769356676216,0.07604021713733751,0.08981532576994485,0.008336604776824288,14,15,2.8,0.0009267089814117861
MASTER,nasdaq100,20,5,5,2023,True,1.008263349533081,0.7130559086799622,1.0041232109069824,-0.018474698066711426,0.023696436691544684,0.02737557657570658,0.16511924885494986,0.1829380984080938,0.020762755756105134,14,15,2.9,-0.013041482287760437
MASTER,nasdaq100,20,5,42,2023,True,1.0100128650665283,0.7124799489974976,1.0049939155578613,-0.020241975784301758,-0.00017792707181849975,0.007026205342692439,-0.0012684517404493697,0.051219912268889695,0.0021899384444675697,14,15,2.3,-0.002645182735745869
MASTER,nasdaq100,20,5,0,2024,True,1.009680986404419,0.7095580697059631,1.0048288106918335,-0.019858598709106445,0.005660942474343491,0.01037639444463827,0.03954573729055507,0.07202022050735685,0.0061262230434081764,13,14,2.7,-0.011473453072466465
MASTER,nasdaq100,20,5,5,2024,True,1.0123274326324463,0.710812509059906,1.0061448812484741,-0.022531747817993164,-0.0021140773581504236,-0.002005877430618781,-0.014218379450613513,-0.013613226676429384,-0.0018604936675353,14,15,2.9,0.0036800457919399622
MASTER,nasdaq100,20,5,42,2024,True,1.013709306716919,0.7078388333320618,1.0068312883377075,-0.02392745018005371,-0.0017498093893736513,0.009088658052810878,-0.011473615317186093,0.06067631088358032,-0.0048497233131886055,14,15,3.0,-0.00815934711856411
MASTER,sx5e,20,5,0,2021,True,1.0022618770599365,0.7493699193000793,1.0011303424835205,-0.022922039031982422,0.000653484178633512,-0.010810060816999648,0.0030499402145613146,-0.053163909178986835,-0.002781894015580099,10,11,2.0,0.04705681300060703
MASTER,sx5e,20,5,5,2021,True,0.9993139505386353,0.7480389475822449,0.9996569156646729,-0.019913434982299805,0.007917515297171988,0.008010301980935369,0.037369231043937336,0.04005788029025829,0.009810888379469718,11,12,2.1,0.012033048740513357
MASTER,sx5e,20,5,42,2021,True,0.9970262050628662,0.7496040463447571,0.9985119700431824,-0.017578482627868652,0.02531020113786359,0.021408937950685828,0.132828869142006,0.11860327159265387,0.024775576168260975,10,11,2.2,0.03600876256064446
MASTER,sx5e,20,5,0,2022,True,1.0114171504974365,0.7668564319610596,1.0056923627853394,-0.032175421714782715,-0.0222447550978646,-0.01963597963792427,-0.09677204140057066,-0.09063025734412032,-0.018081084846638566,9,10,1.8,0.0032735180134196877
MASTER,sx5e,20,5,5,2022,True,1.0082769393920898,0.7668545842170715,1.0041298866271973,-0.028970718383789062,-0.024201031046338924,-0.0226709468399588,-0.1246558004080529,-0.12063681201915707,-0.02388904622730883,11,12,2.1,-0.0029153277428551954
MASTER,sx5e,20,5,42,2022,True,1.0087970495224,0.7659027576446533,1.0043889284133911,-0.02950155735015869,-0.007055041802688241,-0.012852112027926271,-0.03200314565640137,-0.059946667782986324,-0.006912408251390148,9,10,2.0,0.034078092391947576
MASTER,sx5e,20,5,0,2023,True,1.0070527791976929,0.7384810447692871,1.0035202503204346,-0.02764105796813965,-0.01527782374291545,-0.02387284489779,-0.07460631857262967,-0.12627867159353176,-0.019066381229495073,9,10,1.8,-0.0006582423836163763
MASTER,sx5e,20,5,5,2023,True,1.0092113018035889,0.7366358041763306,1.0045950412750244,-0.029843807220458984,-0.04929445152102941,-0.04603687842888312,-0.2874906570636149,-0.26902270558717484,-0.05077196342442473,11,12,2.1,-0.0015629354579490729
MASTER,sx5e,20,5,42,2023,True,1.0024131536483765,0.7341521382331848,1.0012058019638062,-0.02290666103363037,-0.015999829862167823,-0.01731757645350451,-0.09084228378349844,-0.10127161036439886,-0.019535902616489825,9,10,2.0,-0.0003513708909415004
MASTER,sx5e,20,5,0,2024,True,0.9981100559234619,0.753166139125824,0.9990546107292175,-0.018561124801635742,-0.003909591876231109,-0.004917772602362362,-0.025193720276064906,-0.03036469529326041,-0.007037966312000425,9,10,1.8,-0.00832297256980795
MASTER,sx5e,20,5,5,2024,True,1.0032286643981934,0.7553414702415466,1.0016130208969116,-0.023784756660461426,-0.020354750161331075,-0.026161272184546225,-0.1235350963626558,-0.15678148081580054,-0.020483822074404103,10,11,2.0,-0.02219082405256464
MASTER,sx5e,20,5,42,2024,True,1.0054165124893188,0.7562519907951355,1.0027046203613281,-0.026017308235168457,-0.019443284069101313,-0.02745646804718435,-0.10953257122513922,-0.1583288042617844,-0.022281472168943904,10,11,2.2,-0.010154839316086718
MATCC,dji,20,5,0,2020,True,1.6208845376968384,0.9825536608695984,1.2731395959854126,-0.6824957132339478,0.014763395360000112,0.02465949842261686,0.06167078772143318,0.10029249187474268,0.018946128132167357,69,70,14.7,0.026605631073821558
MATCC,dji,20,5,5,2020,True,1.5703046321868896,0.9646515846252441,1.2531179189682007,-0.629993200302124,0.01559061480278113,0.03031376419682267,0.07320424601509411,0.13505484728724867,0.013952529199445503,69,70,14.7,0.0034055153571351682
MATCC,dji,20,5,42,2020,True,1.601528525352478,0.9800452589988708,1.2655150890350342,-0.66240394115448,0.006916450531145187,0.024816013571635757,0.026278907944990954,0.09521046839913516,0.00628727748625871,69,70,12.6,-0.003118272979705357
MATCC,dji,20,5,0,2021,True,1.4768139123916626,0.9479216933250427,1.2152423858642578,-0.5295572280883789,0.009774258161026766,0.01764406912190163,0.04647045892696714,0.08105919249859488,0.008595700832368674,69,70,14.8,0.03720768087369929
MATCC,dji,20,5,5,2021,True,1.532111406326294,0.9671645760536194,1.2377848625183105,-0.586829662322998,0.02747940984379335,0.012434514035499252,0.11350208823553498,0.05357893961095021,0.028134186466764077,69,70,15.2,0.03322384275179479
MATCC,dji,20,5,42,2021,True,1.472916603088379,0.9487377405166626,1.2136377096176147,-0.5255206823348999,0.01661400519262576,0.0025041050903119827,0.07451830234797545,0.011833410118954904,0.01505714879849713,69,70,16.2,0.012055392496677265
MATCC,dji,20,5,0,2022,True,1.4267629384994507,0.9312411546707153,1.194471836090088,-0.477718710899353,0.046748824354565975,0.04081212097423115,0.21970619831990684,0.19061944869060074,0.03787676099307763,69,70,15.3,0.016603189773301337
MATCC,dji,20,5,5,2022,True,1.4677727222442627,0.9415373206138611,1.2115167379379272,-0.5201932191848755,-0.0016920253873222951,-0.0006005534512197516,-0.009005690391702926,-0.003118998153314978,-0.0035835212370839372,69,70,15.3,0.001956762662675692
MATCC,dji,20,5,42,2022,True,1.4296610355377197,0.9275892376899719,1.1956843137741089,-0.4807204008102417,0.03289716361313053,0.030914764586972298,0.14415171613145725,0.1443371128712296,0.03014626954300119,69,70,15.4,0.02916015576184631
MATCC,dji,20,5,0,2023,True,1.408517599105835,0.9172357320785522,1.1868098974227905,-0.4588218927383423,0.047864936940373526,0.03892019704433496,0.22301631942304243,0.19907544222300794,0.04809725723536258,69,70,15.3,0.017339715245813177
MATCC,dji,20,5,5,2023,True,1.454867959022522,0.9291850328445435,1.2061790227890015,-0.5068275928497314,0.016659311384339872,0.006865024630541871,0.07607330649314364,0.03529964587909321,0.018014836742936517,69,70,15.3,-0.013087268903188547
MATCC,dji,20,5,42,2023,True,1.4298865795135498,0.9114670157432556,1.1957786083221436,-0.4809539318084717,0.02369420416691728,0.03211625615763546,0.11059369871455738,0.16855515609062996,0.0184510451391077,69,70,15.5,0.0273540623102661
MATCC,dji,20,5,0,2024,True,1.4868228435516357,0.9301310181617737,1.219353437423706,-0.5399236679077148,0.0018348859449639245,-0.0033974509343967464,0.008322009283674745,-0.016974349822794797,-0.0012503292003963795,69,70,15.2,-0.009343115942562569
MATCC,dji,20,5,5,2024,True,1.4805107116699219,0.9217015504837036,1.2167624235153198,-0.5333861112594604,-0.010581274278903341,0.001810149347095157,-0.05087306451877942,0.00913593085745913,-0.009021275845710927,69,70,15.2,0.02755142369975329
MATCC,dji,20,5,42,2024,True,1.5107078552246094,0.9250155687332153,1.2291085720062256,-0.5646617412567139,-0.04414460584190454,-0.0238095238095238,-0.20667593824739655,-0.11844979635041511,-0.04204250960664973,69,70,15.5,0.02754070395049377
MATCC,nasdaq100,20,5,0,2020,True,1.6916048526763916,0.9772254824638367,1.3006170988082886,-0.7085208892822266,0.028640700473802818,0.03652805028880496,0.1522385006016536,0.20182134094709217,0.03203829412655066,69,70,16.6,0.039256946459689926
MATCC,nasdaq100,20,5,5,2020,True,1.7663325071334839,1.0044307708740234,1.329034447669983,-0.7839957475662231,0.02605420242492051,0.0312511436705711,0.16284494835028512,0.19724496162500077,0.025936635835545188,69,70,16.6,0.014431441080561953
MATCC,nasdaq100,20,5,42,2020,True,1.7447354793548584,0.9989443421363831,1.320884346961975,-0.7621828317642212,0.035421005952933064,0.04875078505843204,0.20680664274156166,0.2978728475594098,0.03672761175142558,69,70,16.9,-0.008551870162942217
MATCC,nasdaq100,20,5,0,2021,True,1.7652382850646973,1.0040345191955566,1.3286226987838745,-0.7828556299209595,0.003986241736458241,0.005414325476747906,0.024937217960361305,0.034991946393913294,0.0095723060929316,69,70,16.5,0.014647163491990788
MATCC,nasdaq100,20,5,5,2021,True,1.8220856189727783,1.011458158493042,1.3498464822769165,-0.8402704000473022,-0.006865047906939516,0.010758568467658648,-0.04811191208348747,0.07614281503579474,-0.004812083756266918,69,70,16.5,0.02437727035443926
MATCC,nasdaq100,20,5,42,2021,True,1.7456421852111816,0.9863162040710449,1.3212275505065918,-0.7630640268325806,0.01067887994874206,0.02769118571090811,0.06919113431316642,0.18682229008114642,0.012694422005267785,69,70,16.8,0.04597433450480293
MATCC,nasdaq100,20,5,0,2022,True,1.7860978841781616,1.011304497718811,1.3364497423171997,-0.8041160106658936,-0.006915056064146408,-0.010346653824118833,-0.03683934556652981,-0.05448025986116711,-0.0066315196197539806,69,70,16.5,0.019922739469915424
MATCC,nasdaq100,20,5,5,2022,True,1.7744916677474976,1.0063412189483643,1.332100510597229,-0.7923927307128906,-0.00619821425242267,-0.0001327841465061045,-0.033533079475153306,-0.0007401467860692008,-0.0021607586246768715,69,70,16.5,0.019439070321165357
MATCC,nasdaq100,20,5,42,2022,True,1.849534511566162,1.0335825681686401,1.3599759340286255,-0.8681925535202026,-0.02587002433465604,-0.030485718183671403,-0.13954532773551243,-0.16480413040332909,-0.022581300822831954,69,70,16.8,0.022686375521797003
MATCC,nasdaq100,20,5,0,2023,True,1.6585144996643066,0.9664953947067261,1.2878332138061523,-0.6753112077713013,0.02241549055862787,0.026287498215538534,0.14370914247424657,0.19654739377580843,0.024875554231796534,69,70,16.6,-0.0011138922900147913
MATCC,nasdaq100,20,5,5,2023,True,1.711060643196106,0.9746577739715576,1.308075189590454,-0.7283896207809448,0.00484571881796313,0.009402296438792243,0.0342219890057546,0.07286781067619154,0.004667723086439409,69,70,16.5,-0.019806388478996597
MATCC,nasdaq100,20,5,42,2023,True,1.6630032062530518,0.963265061378479,1.2895748615264893,-0.6798454523086548,0.013583025937995208,0.01892015800440923,0.09966792819546846,0.14694832230235252,0.016363723701134054,69,70,16.5,-0.0153364038007305
MATCC,nasdaq100,20,5,0,2024,True,1.6757608652114868,0.9690233469009399,1.2945117950439453,-0.6926524639129639,0.011464506758288901,0.01420174324224899,0.07966013540706243,0.10272273184689006,0.013322286076708595,69,70,16.4,0.022729395142715957
MATCC,nasdaq100,20,5,5,2024,True,1.6971207857131958,0.9727275371551514,1.3027359247207642,-0.7142277956008911,0.0037796893417248014,0.0061061662312765705,0.02741667526814902,0.04612032855207312,0.0029473334654834247,69,70,16.4,0.007254539307194589
MATCC,nasdaq100,20,5,42,2024,True,1.616271734237671,0.9542403221130371,1.2713267803192139,-0.6325637102127075,0.021750490367023586,0.019534102274965808,0.16706071781878606,0.15096048269672532,0.022211555428080072,69,70,16.2,0.017211185089340435
MATCC,sx5e,20,5,0,2021,True,1.7102075815200806,1.012213945388794,1.3077490329742432,-0.745461106300354,-0.020650437970577133,-0.016501982590761275,-0.12045137896629136,-0.09499264781597036,-0.01765926581014823,69,70,16.2,0.04230399525469654
MATCC,sx5e,20,5,5,2021,True,1.7293871641159058,1.0275126695632935,1.3150616884231567,-0.7650361061096191,-0.011535054716379757,-0.016561870341370216,-0.06989908934385233,-0.10070472735356648,-0.011716281412567897,69,70,16.2,0.04077567541466021
MATCC,sx5e,20,5,42,2021,True,1.7255949974060059,1.0218124389648438,1.3136190176010132,-0.7611657381057739,0.006109297223092963,0.000200799961016653,0.03546053528963071,0.0011956562840389892,0.0033095640433755645,69,70,16.0,0.0426790854700688
MATCC,sx5e,20,5,0,2022,True,1.6408435106277466,0.999736487865448,1.280954122543335,-0.6745200157165527,-0.029629817120103517,-0.03292488133513298,-0.15813828222316198,-0.17877267819285142,-0.024052934146605757,69,70,16.1,0.009670986218276474
MATCC,sx5e,20,5,5,2022,True,1.6726428270339966,1.0161821842193604,1.2933069467544556,-0.7069720029830933,-0.005590647462904437,-0.0070804269414718925,-0.03006951521031402,-0.03878946658909752,-0.004162641123127054,69,70,16.1,-0.006224155636245448
MATCC,sx5e,20,5,42,2022,True,1.7056573629379272,1.0255811214447021,1.306008219718933,-0.7406641244888306,-0.013625019485414619,-0.025115143763124598,-0.06356610218604689,-0.12142419259701723,-0.008072987053301828,69,70,16.3,-0.008980539236391097
MATCC,sx5e,20,5,0,2023,True,1.534070372581482,0.9464100003242493,1.2385759353637695,-0.5654332637786865,0.013138380998493352,0.017429436669777698,0.08414993276176091,0.11169468936734576,0.010714137670406578,69,70,16.1,-0.01443703414999041
MATCC,sx5e,20,5,5,2023,True,1.5636186599731445,0.9494667053222656,1.250447392463684,-0.5955855846405029,0.015208194733265895,0.025837616631941108,0.09113733168718416,0.16057770973234733,0.015397711292063078,69,70,16.1,0.023317264718116067
MATCC,sx5e,20,5,42,2023,True,1.6317681074142456,0.9762610197067261,1.2774068117141724,-0.665128231048584,-0.017500588267569103,-0.007570801493712982,-0.0994781677011234,-0.04388820113569566,-0.017124470699705296,69,70,16.0,-0.0026781294223456736
MATCC,sx5e,20,5,0,2024,True,1.543256402015686,0.9609454870223999,1.2422786951065063,-0.5748775005340576,0.007123913218455118,0.004941698098448224,0.04498090734542801,0.030739690102318126,0.006936558193751701,69,70,16.1,-0.01399191081603864
MATCC,sx5e,20,5,5,2024,True,1.6587735414505005,1.0090124607086182,1.2879338264465332,-0.6927615404129028,-0.01374338495362978,-0.02305197248883938,-0.08067371368414361,-0.14037851543669144,-0.013987537202148676,69,70,16.1,-0.013891122558223142
MATCC,sx5e,20,5,42,2024,True,1.6146957874298096,0.997491717338562,1.2707067728042603,-0.6477806568145752,0.007036692637096045,-0.007351537594167139,0.04494838461488413,-0.0463007374829634,0.005538231099369871,69,70,16.0,-0.006123031210482747
