universe,portfolio,CAGR,Sharpe,Sortino,max_drawdown,volatility,turnover
dji,MASTER,0.07836662418259666,0.4341115021070403,0.6549648860859416,-0.2944532884256791,0.23939156549297658,0.6617760617760619
dji,MATCC,0.08596804142318915,0.4676809526622403,0.6795250026880197,-0.32520387771765613,0.2363890143061385,0.7837837837837838
dji,FactorVAE,0.1142691945007801,0.5699638738327969,0.8370037542536607,-0.35305155763327734,0.24112183538792462,0.33100775193798454
dji,HIST,0.04657444664095278,0.3093826817443321,0.4568617971054664,-0.36906802719823073,0.23886298002839218,0.6702702702702702
dji,DiscoverPLF,0.0796001786922651,0.4422934749421019,0.6346167403422331,-0.39892533828591614,0.23696553000901852,0.6710424710424711
dji,FinFormer,-0.0014460104008300334,0.11225127303192337,0.15841208049286337,-0.4175949208727574,0.23574810861440074,0.5652509652509654
dji,equal weight,0.05888500188217072,0.39353786465706814,0.5573157663467044,-0.3115718103519448,0.192978532692528,
dji,index,0.087288955414208,0.5072958458985231,0.7072242114363027,-0.3708617621094308,0.2080439433327276,
nasdaq100,MASTER,0.09018390478241423,0.4291854558989285,0.617719462548513,-0.48392782763429454,0.32282249223461,0.7227799227799228
nasdaq100,MATCC,0.16184003888529475,0.6302919564812633,0.9183675893875661,-0.5448250104599928,0.3187433353131355,0.8131274131274132
nasdaq100,FactorVAE,-0.056732360310655094,0.0204743606338371,0.02828192571831071,-0.5862746387125537,0.36223643656346194,0.30348837209302326
nasdaq100,HIST,0.09367327167871164,0.4346979380195516,0.6298132380399332,-0.49886546514278696,0.3360355370098358,0.6621621621621622
nasdaq100,DiscoverPLF,0.0585765214962779,0.3378695845168692,0.48025041733567353,-0.48858339529303696,0.3314672923018271,0.7200772200772201
nasdaq100,FinFormer,0.07974001638885642,0.39417054464138035,0.5811139486855825,-0.460338887105579,0.34665141737563665,0.5293436293436294
nasdaq100,equal weight,0.09617927487561029,0.5075895875546894,0.7175148572726133,-0.37601165704722883,0.236217172953663,
nasdaq100,index,0.2015848745566835,0.8360484362947799,1.1828387900152508,-0.35563139784293396,0.2607183057893953,
sx5e,MASTER,0.1197849271783149,0.6782789627982964,1.004590640809875,-0.2694302484536877,0.1896771093292705,0.6053140096618357
sx5e,MATCC,0.11878408641066662,0.6737629963406226,0.9931622389566888,-0.2980039704724212,0.1896440567202168,0.6801932367149759
sx5e,FactorVAE,0.05333965193014345,0.3746629473650331,0.5463510664317771,-0.26533031094924875,0.1780353000243191,0.2655339805825243
sx5e,HIST,0.0967300699379956,0.5715201088450305,0.819559770576935,-0.27321828084591604,0.18945256904435828,0.6289855072463768
sx5e,DiscoverPLF,0.10726988275867311,0.6196652351614431,0.8857828672766456,-0.282774593461929,0.19004441901440863,0.6352657004830918
sx5e,FinFormer,0.06815317962152645,0.43925601941771775,0.6363968062166127,-0.2983625091818175,0.18626455500916161,0.6198067632850243
sx5e,equal weight,0.10885283384608857,0.7230172836400809,1.0411617081720754,-0.23210388545396843,0.15685801676965877,
sx5e,index,0.08195138694318249,0.5407892732934447,0.7663283323787358,-0.255015915065121,0.16891188336788263,
