model,universe,seed,holdings,median margin,share below 0.1,share below 0.25
DiscoverPLF,dji,42,1300,0.4432209,0.12153846153846154,0.2915384615384615
DiscoverPLF,nasdaq100,42,2600,0.5280168,0.1296153846153846,0.295
DiscoverPLF,sx5e,42,2080,0.49286428,0.13028846153846155,0.29086538461538464
FactorVAE,dji,42,1295,0.4105845,0.15212355212355214,0.32972972972972975
FactorVAE,nasdaq100,42,2590,0.38073725,0.14942084942084943,0.35135135135135137
FactorVAE,sx5e,42,2070,0.44813105,0.14347826086956522,0.3154589371980676
FinFormer,dji,42,1300,0.3760481,0.17923076923076922,0.3823076923076923
FinFormer,nasdaq100,42,2600,0.6433339,0.11653846153846154,0.25961538461538464
FinFormer,sx5e,42,2080,0.40193868,0.1576923076923077,0.33125
HIST,dji,42,1300,0.42853355,0.15076923076923077,0.3292307692307692
HIST,nasdaq100,42,2600,0.47203898,0.13615384615384615,0.3088461538461538
HIST,sx5e,42,2080,0.47197205,0.12740384615384615,0.2923076923076923
MASTER,dji,42,1300,0.41699004,0.1476923076923077,0.32846153846153847
MASTER,nasdaq100,42,2600,0.41839767,0.15115384615384617,0.3292307692307692
MASTER,sx5e,42,2080,0.45953012,0.1326923076923077,0.29951923076923076
MATCC,dji,42,1300,0.45273042,0.12076923076923077,0.30846153846153845
MATCC,nasdaq100,42,2600,0.4089225,0.1453846153846154,0.33115384615384613
MATCC,sx5e,42,2080,0.4621333,0.12548076923076923,0.3014423076923077
